,,,,,,,,,,,,,,,,,,,,,,,,,,,,,,,,,,,,,,,,,,,,,,,,,,,,,,,,,,,,,,,,,,,,,,,,,,,,,,,,,
,Category,Attribute,Data type,"Mobile Platforms -
IOS
Android
Android TV
Fire TV
Apple TV","Web Platforms -
Web
Tizen
LG 
Web OS",Description,Sample Values,APP_START,APP_FOREGROUND,APP_BACKGROUND,SIGN_UP,LOGIN_INITIATED,LOGIN,LOGOUT,TNC,CONSENT,SEARCH,VIEW_PLANS,SUBSCRIPTION_INITIATED,PAYMENT_INITIATED,PURCHASE_SUBSCRIPTION,PURCHASE_SUBSCRIPTION_CANCEL,PURCHASE_SUBSCRIPTION_FAILURE,CREATE_PROFILE,UPDATE_PROFILE,DELETE_PROFILE,FORGOT_PASSWORD,LINK_DEVICE,REMOVE_DEVICE,VIEW_CONTENT_DETAILS,RENT_CONTENT,FAVORITE_CONTENT,TAB_CLICK,CONTAINER_CLICK,COLLECTION_CLICK,SEARCH_CLICK,EPG_ITEM_CLICK,WATCHLIST_ITEM_CLICK,STOREFRONT_TAB_CHANGE,MENU_TAB_CHANGE,VIEW_COLLECTION_DETAILS,PLAYBACK_START,PLAYBACK_PREPARED,PLAYBACK_STARTED,PLAYBACK_INPROGRESS,PLAYBACK_BUFFERING_START,PLAYBACK_BUFFERING_END,PLAYBACK_SEEK_START,PLAYBACK_SEEK_COMPLETE,PLAYBACK_PAUSED,PLAYBACK_RESUMED,PLAYBACK_STOPPED,PLAYBACK_COMPLETE,PLAYBACK_VARIANT_CHANGE,PLAYBACK_AUDIO_LANGUAGE_CHANGE,PLAYBACK_SUBTITLE_LANGUAGE_CHANGE,NETWORK_CHANGE,ERROR,SKIP_INTRO,SKIP_INTRO,NEXT_EPISODE,DOWNLOAD_START,DOWNLOAD_PREPARED,DOWNLOAD_STARTED,DOWNLOAD_INPROGRESS,DOWNLOAD_PAUSED,DOWNLOAD_RESUMED,DOWNLOAD_STOPPED,DOWNLOAD_COMPLETED,DOWNLOAD_DELETED,DOWNLOAD_LICENSE_RENEWED,AD_BREAK_START,AD_START,AD_END,AD_BREAK_COMPLETE,AD_SKIP,AD_VIEW,BANNER_AD_CLICK,LINK_TO_MOBILE,LINK_TO_EMAIL,VIEW_APP
,Key Event Identifiers,timestamp,Integer,Default,Default,Timestamp for the event collected,1602823543190,Y,Y,Y,Y,Y,Y,Y,NA,NA,Y,NA,NA,NA,NA,NA,NA,Y,Y,Y,Y,Y,Y,Y,NA,Y,Y,Y,Y,Y,Y,Y,Y,Y,Y,Y,Y,Y,Y,Y,Y,Y,Y,Y,Y,Y,Y,Y,Y,Y,NA,Y,Y,Y,Y,NA,NA,NA,NA,NA,NA,NA,NA,NA,NA,Y,Y,Y,Y,Y,Y,NA,NA,NA,NA
,,eventUUID,String,Custom,Custom,Unique identifer for every event logged,5D45AFCD-6BAE-4295-A4C4-FB00419A9CFE,Y,Y,Y,Y,Y,Y,Y,NA,NA,Y,NA,NA,NA,NA,NA,NA,Y,Y,Y,Y,Y,Y,Y,NA,Y,Y,Y,Y,Y,Y,Y,Y,Y,Y,Y,Y,Y,Y,Y,Y,Y,Y,Y,Y,Y,Y,Y,Y,Y,NA,Y,Y,Y,Y,NA,NA,NA,NA,NA,NA,NA,NA,NA,NA,Y,Y,Y,Y,Y,Y,NA,NA,NA,NA
,,platformName,String,Custom,Custom,Unique identifier for the platform that originated the event,"Enumerated:  iOS, Android, tvOS, Android TV, FireTV, Car Play, Android Auto, Chromecast, web, Tizen, Vizio, Roku",Y,Y,Y,Y,Y,Y,Y,NA,NA,Y,NA,NA,NA,NA,NA,NA,Y,Y,Y,Y,Y,Y,Y,NA,Y,Y,Y,Y,Y,Y,Y,Y,Y,Y,Y,Y,Y,Y,Y,Y,Y,Y,Y,Y,Y,Y,Y,Y,Y,NA,Y,Y,Y,Y,NA,NA,NA,NA,NA,NA,NA,NA,NA,NA,Y,Y,Y,Y,Y,Y,NA,NA,NA,NA
,,trackingID,String,Custom,Custom,The trackingId is currently being sent by the backend with every request,3934a66c-6daf-4a18-a4fd-282fb5f2a30b,NA,NA,NA,NA,NA,NA,NA,NA,NA,NA,NA,NA,NA,NA,NA,NA,NA,NA,NA,NA,NA,NA,NA,NA,NA,NA,NA,NA,NA,NA,NA,NA,NA,NA,NA,NA,NA,NA,NA,NA,NA,NA,NA,NA,NA,NA,NA,NA,NA,NA,NA,NA,NA,NA,NA,NA,NA,NA,NA,NA,NA,NA,NA,NA,NA,NA,NA,NA,NA,NA,NA,NA,NA,NA
,,eventName,String,Custom,Custom,"Name of event, consolidating actionName and name",PLAYBACK_START,NA,NA,NA,NA,NA,NA,NA,NA,NA,NA,NA,NA,NA,NA,NA,NA,NA,NA,NA,NA,NA,NA,NA,NA,NA,NA,NA,NA,NA,NA,NA,NA,NA,NA,NA,NA,NA,NA,NA,NA,NA,NA,NA,NA,NA,NA,NA,NA,NA,NA,NA,NA,NA,NA,NA,NA,NA,NA,NA,NA,NA,NA,NA,NA,NA,NA,NA,NA,NA,NA,NA,NA,NA,NA
,,actionName,String,NA,Custom,Name of event for web based implementations,PLAYBACK_START,Y,Y,Y,Y,Y,Y,Y,NA,NA,Y,NA,NA,NA,NA,NA,NA,Y,Y,Y,Y,Y,Y,Y,NA,Y,Y,Y,Y,Y,Y,Y,Y,Y,Y,Y,Y,Y,Y,Y,Y,Y,Y,Y,Y,Y,Y,Y,Y,Y,NA,Y,Y,Y,Y,NA,NA,NA,NA,NA,NA,NA,NA,NA,NA,Y,Y,Y,Y,Y,Y,NA,NA,NA,NA
,,name,String,Custom,NA,Name of event for app based implementations,PLAYBACK_START,Y,Y,Y,Y,Y,Y,Y,NA,NA,Y,NA,NA,NA,NA,NA,NA,Y,Y,Y,Y,Y,Y,Y,NA,Y,Y,Y,Y,Y,Y,Y,Y,Y,Y,Y,Y,Y,Y,Y,Y,Y,Y,Y,Y,Y,Y,Y,Y,Y,NA,Y,Y,Y,Y,NA,NA,NA,NA,NA,NA,NA,NA,NA,NA,Y,Y,Y,Y,Y,Y,NA,NA,NA,NA
,Application,appName,String,Default,Custom,The name of the application,[App name] Prod - TVE,Y,Y,Y,Y,Y,Y,Y,NA,NA,Y,NA,NA,NA,NA,NA,NA,Y,Y,Y,Y,Y,Y,Y,NA,Y,Y,Y,Y,Y,Y,Y,Y,Y,Y,Y,Y,Y,Y,Y,Y,Y,Y,Y,Y,Y,Y,Y,Y,Y,NA,Y,Y,Y,Y,NA,NA,NA,NA,NA,NA,NA,NA,NA,NA,Y,Y,Y,Y,Y,Y,NA,NA,NA,NA
,,appVersion,Integer,Default,Custom,The version of the application,1.0.1 - Build version,Y,Y,Y,Y,Y,Y,Y,NA,NA,Y,NA,NA,NA,NA,NA,NA,Y,Y,Y,Y,Y,Y,Y,NA,Y,Y,Y,Y,Y,Y,Y,Y,Y,Y,Y,Y,Y,Y,Y,Y,Y,Y,Y,Y,Y,Y,Y,Y,Y,NA,Y,Y,Y,Y,NA,NA,NA,NA,NA,NA,NA,NA,NA,NA,Y,Y,Y,Y,Y,Y,NA,NA,NA,NA
,,appVersionId,Integer,Default,Custom,Unique identifier generated for each build or variant of the mobile application,673198239,O,Y,Y,Y,Y,Y,Y,NA,NA,Y,NA,NA,NA,NA,NA,NA,Y,Y,Y,Y,Y,Y,Y,NA,Y,Y,Y,Y,Y,Y,Y,Y,Y,Y,Y,Y,Y,Y,Y,Y,Y,Y,Y,Y,Y,Y,Y,Y,Y,NA,Y,Y,Y,Y,NA,NA,NA,NA,NA,NA,NA,NA,NA,NA,Y,Y,Y,Y,Y,Y,NA,NA,NA,NA
,,thirdPartyAppName,String,Custom,Custom,Any app opened on the set top box,"Netflix, DisneyPlus, etc.,",NA,NA,NA,NA,NA,NA,NA,NA,NA,NA,NA,NA,NA,NA,NA,NA,NA,NA,NA,NA,NA,NA,NA,NA,NA,NA,NA,NA,NA,NA,NA,NA,NA,NA,NA,NA,NA,NA,NA,NA,NA,NA,NA,NA,NA,NA,NA,NA,NA,NA,NA,NA,NA,NA,NA,NA,NA,NA,NA,NA,NA,NA,NA,NA,NA,NA,NA,NA,NA,NA,NA,NA,NA,NA
,,appBuild,Integer,Default,Custom,Application build,29,O,Y,Y,Y,Y,Y,Y,NA,NA,Y,NA,NA,NA,NA,NA,NA,Y,Y,Y,Y,Y,Y,Y,NA,Y,Y,Y,Y,Y,Y,Y,Y,Y,Y,Y,Y,Y,Y,Y,Y,Y,Y,Y,Y,Y,Y,Y,Y,Y,NA,Y,Y,Y,Y,NA,NA,NA,NA,NA,NA,NA,NA,NA,NA,Y,Y,Y,Y,Y,Y,NA,NA,NA,NA
,Application Session,appSessionID,String,Custom,Custom,"A unique session ID generated by the application.  Generated when the app is first loaded into memory and does not reset until the app is closed, crashed, killed.  It stays the same across background and foreground",tvnz3_88996F14-35E9-4D5E-8846-EED8E62FBF9E,Y,Y,Y,Y,Y,Y,Y,NA,NA,Y,NA,NA,NA,NA,NA,NA,Y,Y,Y,Y,Y,Y,Y,NA,Y,Y,Y,Y,Y,Y,Y,Y,Y,Y,Y,Y,Y,Y,Y,Y,Y,Y,Y,Y,Y,Y,Y,Y,Y,NA,Y,Y,Y,Y,NA,NA,NA,NA,NA,NA,NA,NA,NA,NA,Y,Y,Y,Y,Y,Y,NA,NA,NA,NA
,,engagementSessionID,String,,,A unique engaged session ID generated by the application that expires after 30 minutes of no event activity.  Persists across profile switches,,Y,Y,Y,Y,Y,Y,Y,NA,NA,Y,NA,NA,NA,NA,NA,NA,Y,Y,Y,Y,Y,Y,Y,NA,Y,Y,Y,Y,Y,Y,Y,Y,Y,Y,Y,Y,Y,Y,Y,Y,Y,Y,Y,Y,Y,Y,Y,Y,Y,NA,Y,Y,Y,Y,NA,NA,NA,NA,NA,NA,NA,NA,NA,NA,Y,Y,Y,Y,Y,Y,NA,NA,NA,NA
,,timeSinceLoad,String,Default,Default,The length of time for which the user used the application in seconds.,601.2639999,Y,Y,Y,Y,Y,Y,Y,NA,NA,Y,NA,NA,NA,NA,NA,NA,Y,Y,Y,Y,Y,Y,Y,NA,Y,Y,Y,Y,Y,Y,Y,Y,Y,Y,Y,Y,Y,Y,Y,Y,Y,Y,Y,Y,Y,Y,Y,Y,Y,NA,Y,Y,Y,Y,NA,NA,NA,NA,NA,NA,NA,NA,NA,NA,Y,Y,Y,Y,Y,Y,NA,NA,NA,NA
,,sessionDuration,Integer,Default,NA,The length of time for which the user used the application in seconds.,601.2639999,Y,Y,Y,Y,Y,Y,Y,NA,NA,Y,NA,NA,NA,NA,NA,NA,Y,Y,Y,Y,Y,Y,Y,NA,Y,Y,Y,Y,Y,Y,Y,Y,Y,Y,Y,Y,Y,Y,Y,Y,Y,Y,Y,Y,Y,Y,Y,Y,Y,NA,Y,Y,Y,Y,NA,NA,NA,NA,NA,NA,NA,NA,NA,NA,Y,Y,Y,Y,Y,Y,NA,NA,NA,NA
,,sessionDurationSec,Integer,NA,NA,The length of time for which the user used the application in seconds.,601.2639999,Y,Y,Y,Y,Y,Y,Y,NA,NA,Y,NA,NA,NA,NA,NA,NA,Y,Y,Y,Y,Y,Y,Y,NA,Y,Y,Y,Y,Y,Y,Y,N,N,Y,Y,Y,Y,Y,Y,Y,Y,Y,Y,Y,Y,Y,Y,Y,Y,NA,Y,Y,Y,Y,NA,NA,NA,NA,NA,NA,NA,NA,NA,NA,Y,Y,Y,Y,Y,Y,NA,NA,NA,NA
,Content,contentID,String,Custom,Custom,Unique identifier for content,73DF66D3-B2E8-4ADE-A353-EB9E73BC26B7,N,N,N,N,N,N,N,NA,NA,N,NA,NA,NA,NA,NA,NA,N,N,N,N,N,N,Y,NA,Y,Y,Y,Y,Y,Y,Y,N,N,Y,Y,Y,Y,Y,Y,Y,Y,Y,Y,Y,Y,Y,Y,Y,Y,NA,O,Y,Y,Y,NA,NA,NA,NA,NA,NA,NA,NA,NA,NA,Y,Y,Y,Y,Y,Y,NA,NA,NA,NA
,,externalContentID,String,Custom,Custom,Unique identifier for content from external system (VOD),F48FD40E-B7D4-4B79-92E9-7A215AAC6CC8-1586846597643,N,N,N,N,N,N,N,NA,NA,N,NA,NA,NA,NA,NA,NA,N,N,N,N,N,N,O,NA,O,O,O,O,O,N,O,N,N,Y,Y,Y,Y,Y,Y,Y,Y,Y,Y,Y,Y,Y,Y,Y,Y,NA,Y,Y,Y,Y,NA,NA,NA,NA,NA,NA,NA,NA,NA,NA,Y,Y,Y,Y,Y,Y,NA,NA,NA,NA
,,enrichmentContentID,String,Custom,Custom,Unique identifier for content from external system (Live),G48FD40E-B7D4-4B79-92E9-7A215AAC6CC8-1586846597643,N,N,N,N,N,N,N,NA,NA,N,NA,NA,NA,NA,NA,NA,N,N,N,N,N,N,O,NA,O,O,O,O,O,Y,O,N,N,Y,Y,Y,Y,Y,Y,Y,Y,Y,Y,Y,Y,Y,Y,Y,Y,NA,Y,Y,Y,Y,NA,NA,NA,NA,NA,NA,NA,NA,NA,NA,Y,Y,Y,Y,Y,Y,NA,NA,NA,NA
,,contentType,String,Custom,Custom,Content type,"Movie, TV Series, Shorts",N,N,N,N,N,N,N,NA,NA,N,NA,NA,NA,NA,NA,NA,N,N,N,N,N,N,Y,NA,Y,Y,Y,Y,Y,Y,Y,N,N,Y,Y,Y,Y,Y,Y,Y,Y,Y,Y,Y,Y,Y,Y,Y,Y,NA,Y,Y,Y,Y,NA,NA,NA,NA,NA,NA,NA,NA,NA,NA,Y,Y,Y,Y,Y,Y,NA,NA,NA,NA
,,contentName,String,Custom,Custom,Content name,S.02 E.26 - Love Island (HD),N,N,N,N,N,N,N,NA,NA,N,NA,NA,NA,NA,NA,NA,N,N,N,N,N,N,Y,NA,Y,Y,Y,Y,Y,Y,Y,N,N,Y,Y,Y,Y,Y,Y,Y,Y,Y,Y,Y,Y,Y,Y,Y,Y,NA,Y,Y,Y,Y,NA,NA,NA,NA,NA,NA,NA,NA,NA,NA,Y,Y,Y,Y,Y,Y,NA,NA,NA,NA
,,providerID,String,Custom,Custom,Content provider ID,content_provider_name,N,N,N,N,N,N,N,NA,NA,N,NA,NA,NA,NA,NA,NA,N,N,N,N,N,N,Y,NA,Y,Y,Y,Y,Y,Y,Y,Y,Y,Y,Y,Y,Y,Y,Y,Y,Y,Y,Y,Y,Y,Y,Y,Y,Y,NA,Y,Y,Y,Y,NA,NA,NA,NA,NA,NA,NA,NA,NA,NA,Y,Y,Y,Y,Y,Y,NA,NA,NA,NA
,,contentDurationSec,Integer,Custom,Custom,Content duration (seconds),3158,N,N,N,N,N,N,N,NA,NA,N,NA,NA,NA,NA,NA,NA,N,N,N,N,N,N,N,NA,N,N,N,N,N,N,N,N,N,N,N,Y,Y,Y,Y,Y,Y,Y,Y,Y,Y,Y,Y,Y,Y,NA,Y,N,N,N,NA,NA,NA,NA,NA,NA,NA,NA,NA,NA,Y,Y,Y,Y,Y,Y,NA,NA,NA,NA
,,channelID,String,Custom,Custom,Channel ID,9D157B99-C376-400E-B994-62F46776C69F,N,N,N,N,N,N,N,NA,NA,N,NA,NA,NA,NA,NA,NA,N,N,N,N,N,N,O,NA,N,O,O,O,O,Y,O,N,N,N,Y,Y,Y,Y,Y,Y,Y,Y,Y,Y,Y,Y,Y,Y,Y,NA,Y,Y,Y,Y,NA,NA,NA,NA,NA,NA,NA,NA,NA,NA,Y,Y,Y,Y,Y,Y,NA,NA,NA,NA
,,channelName,String,Custom,Custom,Channel name,Live channel name,N,N,N,N,N,N,N,NA,NA,N,NA,NA,NA,NA,NA,NA,N,N,N,N,N,N,O,NA,N,O,O,O,O,Y,O,N,N,N,Y,Y,Y,Y,Y,Y,Y,Y,Y,Y,Y,Y,Y,Y,Y,NA,Y,Y,Y,Y,NA,NA,NA,NA,NA,NA,NA,NA,NA,NA,Y,Y,Y,Y,Y,Y,NA,NA,NA,NA
,,programID,String,Custom,Custom,Program ID,DD6A47DF-99BA-4303-85E5-8D2B2E98627A,N,N,N,N,N,N,N,NA,NA,N,NA,NA,NA,NA,NA,NA,N,N,N,N,N,N,N,NA,N,N,N,N,N,O,N,N,N,N,Y,Y,Y,Y,Y,Y,Y,Y,Y,Y,Y,Y,Y,Y,Y,NA,Y,Y,Y,Y,NA,NA,NA,NA,NA,NA,NA,NA,NA,NA,Y,Y,Y,Y,Y,Y,NA,NA,NA,NA
,,programName,String,Custom,Custom,Program name,Program Name,N,N,N,N,N,N,N,NA,NA,N,NA,NA,NA,NA,NA,NA,N,N,N,N,N,N,N,NA,N,N,N,N,N,O,N,N,N,N,Y,Y,Y,Y,Y,Y,Y,Y,Y,Y,Y,Y,Y,Y,Y,NA,Y,Y,Y,Y,NA,NA,NA,NA,NA,NA,NA,NA,NA,NA,Y,Y,Y,Y,Y,Y,NA,NA,NA,NA
,,contentGenre,String,Custom,Custom,Content genre,Reality,N,N,N,N,N,N,N,NA,NA,N,NA,NA,NA,NA,NA,NA,N,N,N,N,N,N,Y,NA,Y,Y,Y,Y,Y,Y,Y,N,N,Y,Y,Y,Y,Y,Y,Y,Y,Y,Y,Y,Y,Y,Y,Y,Y,NA,Y,Y,Y,Y,NA,NA,NA,NA,NA,NA,NA,NA,NA,NA,Y,Y,Y,Y,Y,Y,NA,NA,NA,NA
,,seriesID,String,Custom,Custom,Series ID,2CDF11F3-9026-493B-B318-D5FE1BBDD205,N,N,N,N,N,N,N,NA,NA,N,NA,NA,NA,NA,NA,NA,N,N,N,N,N,N,Y,NA,Y,Y,Y,Y,Y,N,Y,N,N,N,Y,Y,Y,Y,Y,Y,Y,Y,Y,Y,Y,Y,Y,Y,Y,NA,Y,Y,Y,Y,NA,NA,NA,NA,NA,NA,NA,NA,NA,NA,Y,Y,Y,Y,Y,Y,NA,NA,NA,NA
,,seriesName,String,Custom,Custom,Series name,The Sopranos,N,N,N,N,N,N,N,NA,NA,N,NA,NA,NA,NA,NA,NA,N,N,N,N,N,N,Y,NA,Y,Y,Y,Y,Y,N,Y,N,N,N,Y,Y,Y,Y,Y,Y,Y,Y,Y,Y,Y,Y,Y,Y,Y,NA,Y,Y,Y,Y,NA,NA,NA,NA,NA,NA,NA,NA,NA,NA,Y,Y,Y,Y,Y,Y,NA,NA,NA,NA
,,seasonNumber,String,Custom,Custom,Season number,3,N,N,N,N,N,N,N,NA,NA,N,NA,NA,NA,NA,NA,NA,N,N,N,N,N,N,N,NA,Y,N,O,O,O,N,O,N,N,N,Y,Y,Y,Y,Y,Y,Y,Y,Y,Y,Y,Y,Y,Y,Y,NA,Y,Y,Y,Y,NA,NA,NA,NA,NA,NA,NA,NA,NA,NA,Y,Y,Y,Y,Y,Y,NA,NA,NA,NA
,,episodeNumber,String,Custom,Custom,Episode number,5,N,N,N,N,N,N,N,NA,NA,N,NA,NA,NA,NA,NA,NA,N,N,N,N,N,N,N,NA,Y,N,O,O,O,N,O,N,N,N,Y,Y,Y,Y,Y,Y,Y,Y,Y,Y,Y,Y,Y,Y,Y,NA,Y,Y,Y,Y,NA,NA,NA,NA,NA,NA,NA,NA,NA,NA,Y,Y,Y,Y,Y,Y,NA,NA,NA,NA
,Playback,playbackSessionID,String,Custom,Custom,Unique identifier for playback session,b887aab3-a38f-42a7-a495-09710771f33a ,N,N,N,N,N,N,N,NA,NA,N,NA,NA,NA,NA,NA,NA,N,N,N,N,N,N,N,NA,N,N,N,N,N,N,N,N,N,N,Y,Y,Y,Y,Y,Y,Y,Y,Y,Y,Y,Y,Y,Y,Y,NA,Y,Y,Y,O,NA,NA,NA,NA,NA,NA,NA,NA,NA,NA,Y,Y,Y,Y,Y,Y,NA,NA,NA,NA
,,tvnzStreamID,String,Custom,Custom,Unique identifier for playback session,b887aab3-a38f-42a7-a495-09710771f33a ,N,N,N,N,N,N,N,NA,NA,N,NA,NA,NA,NA,NA,NA,N,N,N,N,N,N,N,NA,N,N,N,N,N,N,N,N,N,N,Y,Y,Y,Y,Y,Y,Y,Y,Y,Y,Y,Y,Y,Y,Y,NA,Y,Y,Y,O,NA,NA,NA,NA,NA,NA,NA,NA,NA,NA,Y,Y,Y,Y,Y,Y,NA,NA,NA,NA
,,programPlaybackSessionID,String,Custom,Custom,Unique identifier for program playback session,3e569888-372a-41f1-9df9-0b53ced9b689,N,N,N,N,N,N,N,NA,NA,N,NA,NA,NA,NA,NA,NA,N,N,N,N,N,N,N,NA,N,N,N,N,N,N,N,N,N,N,Y,Y,Y,Y,Y,Y,Y,Y,Y,Y,Y,Y,Y,Y,Y,NA,Y,Y,Y,O,NA,NA,NA,NA,NA,NA,NA,NA,NA,NA,Y,Y,Y,Y,Y,Y,NA,NA,NA,NA
,,streamID,String,Custom,Custom,Streaming session ID generated by Google IMA,3e569888-372a-41f1-9df9-0b53ced9b689,N,N,N,N,N,N,N,NA,NA,N,NA,NA,NA,NA,NA,NA,N,N,N,N,N,N,N,NA,N,N,N,N,N,N,N,N,N,N,Y,Y,Y,Y,Y,Y,Y,Y,Y,Y,Y,Y,Y,Y,Y,NA,Y,Y,Y,O,NA,NA,NA,NA,NA,NA,NA,NA,NA,NA,Y,Y,Y,Y,Y,Y,NA,NA,NA,NA
,,playerName,String,Custom,Custom,Player name,Exoplayer,N,N,N,N,N,N,N,NA,NA,N,NA,NA,NA,NA,NA,NA,N,N,N,N,N,N,N,NA,N,N,N,N,N,N,N,N,N,N,Y,Y,Y,Y,Y,Y,Y,Y,Y,Y,Y,Y,Y,Y,Y,NA,Y,Y,Y,Y,NA,NA,NA,NA,NA,NA,NA,NA,NA,NA,Y,Y,Y,Y,Y,Y,NA,NA,NA,NA
,,playbackURL,String,Custom,Custom,Playback URL,http://<hostname>/ss/s/afdt3754850020092602/2020-09-29-01-57-32/AFDM0000071527442800/output_hls.ism/index.mpd,N,N,N,N,N,N,N,NA,NA,N,NA,NA,NA,NA,NA,NA,N,N,N,N,N,N,N,NA,N,N,N,N,N,N,N,N,N,N,Y,Y,Y,Y,Y,Y,Y,Y,Y,Y,O,Y,Y,Y,Y,NA,Y,Y,Y,O,NA,NA,NA,NA,NA,NA,NA,NA,NA,NA,Y,Y,Y,Y,Y,Y,NA,NA,NA,NA
,,drmName,String,Custom,Custom,DRM name,Widevine,N,N,N,N,N,N,N,NA,NA,N,NA,NA,NA,NA,NA,NA,N,N,N,N,N,N,N,NA,N,N,N,N,N,N,N,N,N,N,Y,Y,Y,Y,Y,Y,Y,Y,Y,Y,Y,Y,Y,Y,Y,NA,Y,Y,Y,Y,NA,NA,NA,NA,NA,NA,NA,NA,NA,NA,Y,Y,Y,Y,Y,Y,NA,NA,NA,NA
,,drmVersion,String,Custom,Custom,DRM version,2.0,N,N,N,N,N,N,N,NA,NA,N,NA,NA,NA,NA,NA,NA,N,N,N,N,N,N,N,NA,N,N,N,N,N,N,N,N,N,N,Y,Y,Y,Y,Y,Y,Y,Y,Y,Y,Y,Y,Y,Y,Y,NA,Y,Y,Y,Y,NA,NA,NA,NA,NA,NA,NA,NA,NA,NA,Y,Y,Y,Y,Y,Y,NA,NA,NA,NA
,,videoResolution,String,Custom,Custom,Resolution of the video,1280x720,N,N,N,N,N,N,N,NA,NA,N,NA,NA,NA,NA,NA,NA,N,N,N,N,N,N,N,NA,N,N,N,N,N,N,N,N,N,N,N,N,Y,Y,Y,Y,Y,Y,Y,Y,Y,Y,Y,Y,Y,NA,Y,N,N,N,NA,NA,NA,NA,NA,NA,NA,NA,NA,NA,N,N,N,N,N,N,NA,NA,NA,NA
,,currentBandwidthKb,Integer,Custom,Custom,Bandwidth available to the device / player (Kilobits),8728,N,N,N,N,N,N,N,NA,NA,N,NA,NA,NA,NA,NA,NA,N,N,N,N,N,N,N,NA,N,N,N,N,N,N,N,N,N,N,Y,Y,Y,Y,Y,Y,Y,Y,Y,Y,Y,Y,Y,Y,Y,NA,Y,Y,Y,Y,NA,NA,NA,NA,NA,NA,NA,NA,NA,NA,N,N,N,N,N,N,NA,NA,NA,NA
,,highestVariantBandwidthKb,Integer,Custom,Custom,Highest variant of Bandwidth played (Kilobits),277233,N,N,N,N,N,N,N,NA,NA,N,NA,NA,NA,NA,NA,NA,N,N,N,N,N,N,N,NA,N,N,N,N,N,N,N,N,N,N,N,Y,Y,Y,Y,Y,Y,Y,Y,Y,Y,Y,Y,Y,Y,NA,Y,Y,N,N,NA,NA,NA,NA,NA,NA,NA,NA,NA,NA,N,N,N,N,N,N,NA,NA,NA,NA
,,lowestVariantBandwidthKb,Integer,Custom,Custom,Lowest variant of Bandwidth played (Kilobits),6910,N,N,N,N,N,N,N,NA,NA,N,NA,NA,NA,NA,NA,NA,N,N,N,N,N,N,N,NA,N,N,N,N,N,N,N,N,N,N,N,Y,Y,Y,Y,Y,Y,Y,Y,Y,Y,Y,Y,Y,Y,NA,Y,Y,N,N,NA,NA,NA,NA,NA,NA,NA,NA,NA,NA,N,N,N,N,N,N,NA,NA,NA,NA
,,lastPlayedVariant,Integer,Custom,Custom,Last played variant (Kilobits),3212336,N,N,N,N,N,N,N,NA,NA,N,NA,NA,NA,NA,NA,NA,N,N,N,N,N,N,N,NA,N,N,N,N,N,N,N,N,N,N,N,N,N,N,N,N,N,N,N,N,N,N,Y,N,N,NA,Y,N,N,N,NA,NA,NA,NA,NA,NA,NA,NA,NA,NA,N,N,N,N,N,N,NA,NA,NA,NA
,,lastAttemptedVariant,Integer,Custom,Custom,Last attempted variant (Kilobits),3212336,N,N,N,N,N,N,N,NA,NA,N,NA,NA,NA,NA,NA,NA,N,N,N,N,N,N,N,NA,N,N,N,N,N,N,N,N,N,N,N,N,N,N,N,N,N,N,N,N,N,N,N,N,N,NA,Y,N,N,N,NA,NA,NA,NA,NA,NA,NA,NA,NA,NA,N,N,N,N,N,N,NA,NA,NA,NA
,,playbackStartedTimeSec,Integer,Custom,Custom,Total time from PLAYBACK_START to PLAYBACK_STARTED event,5,N,N,N,N,N,N,N,NA,NA,N,NA,NA,NA,NA,NA,NA,N,N,N,N,N,N,N,NA,N,N,N,N,N,N,N,N,N,N,N,N,Y,N,N,N,N,N,O,N,N,N,N,N,N,NA,N,N,N,N,NA,NA,NA,NA,NA,NA,NA,NA,NA,NA,N,N,N,N,N,N,NA,NA,NA,NA
,,audioLanguage,String,Custom,Custom,Language of the audio,English,N,N,N,N,N,N,N,NA,NA,N,NA,NA,NA,NA,NA,NA,N,N,N,N,N,N,N,NA,N,N,N,N,N,N,N,N,N,N,N,N,Y,Y,Y,Y,Y,Y,Y,Y,O,O,N,N,N,NA,N,N,N,N,N,N,N,N,N,N,N,N,NA,NA,N,N,N,N,N,N,NA,NA,NA,NA
,,subtitleLanguage,String,Custom,Custom,Language of subtitles,English,N,N,N,N,N,N,N,NA,NA,N,NA,NA,NA,NA,NA,NA,N,N,N,N,N,N,N,NA,N,N,N,N,N,N,N,N,N,N,N,N,Y,Y,Y,Y,Y,Y,Y,Y,O,O,N,N,N,NA,N,N,N,N,N,NA,NA,NA,NA,NA,NA,NA,NA,NA,N,N,N,N,N,N,NA,NA,NA,NA
,,isFreePreview,Boolean,Custom,Custom,Content is a free preview,TRUE or FALSE,NA,NA,NA,NA,NA,NA,NA,NA,NA,NA,NA,NA,NA,NA,NA,NA,NA,NA,NA,NA,NA,NA,NA,NA,NA,NA,NA,NA,NA,NA,NA,NA,NA,NA,NA,NA,NA,NA,NA,NA,NA,NA,NA,NA,NA,NA,NA,NA,NA,NA,NA,NA,NA,NA,NA,NA,NA,NA,NA,NA,NA,NA,NA,NA,NA,NA,NA,NA,NA,NA,NA,NA,NA,NA
,,isDownloadable,Boolean,Custom,NA,Content is downloadable,TRUE or FALSE,NA,NA,NA,NA,NA,NA,NA,NA,NA,NA,NA,NA,NA,NA,NA,NA,NA,NA,NA,NA,NA,NA,NA,NA,NA,NA,NA,NA,NA,NA,NA,NA,NA,NA,NA,NA,NA,NA,NA,NA,NA,NA,NA,NA,NA,NA,NA,NA,NA,NA,NA,NA,NA,NA,NA,NA,NA,NA,NA,NA,NA,NA,NA,NA,NA,NA,NA,NA,NA,NA,NA,NA,NA,NA
,,playbackDurationSec,Integer,Custom,Custom,"Total playback duration from playback started to playback stopped or playback complete. Restart the playback duration when the next program starts and user in the same session, channel (In Seconds)",241,N,N,N,N,N,N,N,NA,NA,N,NA,NA,NA,NA,NA,NA,N,N,N,N,N,N,N,NA,N,N,N,N,N,N,N,N,N,N,N,N,Y,Y,Y,Y,Y,Y,Y,Y,Y,Y,Y,N,N,NA,N,N,N,N,NA,NA,NA,NA,NA,NA,NA,NA,NA,NA,N,N,N,N,N,N,NA,NA,NA,NA
,,programPlaybackDurationSec,Integer,Custom,Custom,Total playback duration for current program in seconds,60,N,N,N,N,N,N,N,NA,NA,N,NA,NA,NA,NA,NA,NA,N,N,N,N,N,N,N,NA,N,N,N,N,N,N,N,N,N,N,N,N,Y,Y,Y,Y,Y,Y,Y,Y,Y,Y,Y,N,N,NA,N,N,N,N,NA,NA,NA,NA,NA,NA,NA,NA,NA,NA,N,N,N,N,N,N,NA,NA,NA,NA
,,isCasting,Boolean,Custom,NA,Content is being casted,TRUE or FALSE,N,N,N,N,N,N,N,NA,NA,N,NA,NA,NA,NA,NA,NA,N,N,N,N,N,N,N,NA,N,N,N,N,N,N,N,N,N,N,Y,Y,Y,Y,Y,Y,Y,Y,Y,Y,Y,Y,Y,Y,Y,NA,Y,Y,Y,Y,NA,NA,NA,NA,NA,NA,NA,NA,NA,NA,N,N,N,N,N,N,NA,NA,NA,NA
,,contentLanguage,String,Custom,Custom,Language of the content,"Content display Language - English, etc.",NA,NA,NA,NA,NA,NA,NA,NA,NA,NA,NA,NA,NA,NA,NA,NA,NA,NA,NA,NA,NA,NA,NA,NA,NA,NA,NA,NA,NA,NA,NA,NA,NA,NA,NA,NA,NA,NA,NA,NA,NA,NA,NA,NA,NA,NA,NA,NA,NA,NA,NA,NA,NA,NA,NA,NA,NA,NA,NA,NA,NA,NA,NA,NA,NA,NA,NA,NA,NA,NA,NA,NA,NA,NA
,,playbackMode,String,Custom,Custom,Mode of the player,"Live or catchup (live only), VOD",N,N,N,N,N,N,N,NA,NA,N,NA,NA,NA,NA,NA,NA,N,N,N,N,N,N,N,NA,N,N,N,N,N,N,N,N,N,N,Y,Y,Y,Y,Y,Y,Y,Y,Y,Y,Y,Y,Y,Y,Y,NA,N,N,N,N,NA,NA,NA,NA,NA,NA,NA,NA,NA,NA,N,N,N,N,N,N,NA,NA,NA,NA
,,source,String,Custom,Custom,Source of event,"In-app banner, Content Details Page, Menu",N,N,N,N,N,N,N,NA,NA,N,NA,NA,NA,NA,NA,NA,N,N,N,N,N,N,N,NA,N,N,N,N,N,N,N,N,N,N,Y,N,N,N,N,N,N,N,N,N,N,N,N,N,N,NA,N,N,N,N,NA,NA,NA,NA,NA,NA,NA,NA,NA,NA,N,N,N,N,N,N,NA,NA,NA,NA
,,ccEnabled,Boolean,Custom,Custom,Close captioning is enabled,TRUE or FALSE,N,N,N,N,N,N,N,NA,NA,N,NA,NA,NA,NA,NA,NA,N,N,N,N,N,N,N,NA,N,N,N,N,N,N,N,N,N,N,N,N,Y,Y,Y,Y,Y,Y,Y,Y,Y,Y,Y,Y,Y,NA,Y,N,N,Y,NA,NA,NA,NA,NA,NA,NA,NA,NA,NA,Y,Y,Y,Y,Y,Y,NA,NA,NA,NA
,,autoPreview,Boolean,Custom,Custom,Identify whether the playback is an auto playback or user initiated,TRUE or FALSE,N,N,N,N,N,N,N,NA,NA,N,NA,NA,NA,NA,NA,NA,N,N,N,N,N,N,N,NA,N,N,N,N,N,N,N,N,N,N,N,N,Y,Y,Y,Y,N,N,N,N,Y,Y,N,N,N,NA,N,N,N,N,NA,NA,NA,NA,NA,NA,NA,NA,NA,NA,N,N,N,N,N,N,NA,NA,NA,NA
,,currentPosition,Integer,Custom,Custom,Current position of the player,4069 secs,N,N,N,N,N,N,N,NA,NA,N,NA,NA,NA,NA,NA,NA,N,N,N,N,N,N,N,NA,N,N,N,N,N,N,N,N,N,N,N,N,N,Y,N,N,N,N,Y,Y,Y,N,N,N,N,NA,N,N,N,N,NA,NA,NA,NA,NA,NA,NA,NA,NA,NA,Y,Y,Y,N,N,N,NA,NA,NA,NA
,Error,errorCode,String,Custom,Custom,Application error,131334,N,N,N,N,N,N,N,NA,NA,N,NA,NA,NA,NA,NA,NA,N,N,N,N,N,N,N,NA,N,N,N,N,N,N,N,N,N,N,N,N,N,N,N,N,N,N,N,N,N,N,N,N,N,NA,Y,N,N,N,NA,NA,NA,NA,NA,NA,NA,NA,NA,NA,N,N,N,N,N,N,NA,NA,NA,NA
,,errorMessage,String,Custom,Custom,Application error message,The server has responded with an error!,N,N,N,N,N,N,N,NA,NA,N,NA,NA,NA,NA,NA,NA,N,N,N,N,N,N,N,NA,N,N,N,N,N,N,N,N,N,N,N,N,N,N,N,N,N,N,N,N,N,N,N,N,N,NA,Y,N,N,N,NA,NA,NA,NA,NA,NA,NA,NA,NA,NA,N,N,N,N,N,N,NA,NA,NA,NA
,,errorDescription,String,Custom,Custom,Application error description,"Optional<String>
        - some : ""{\""header\"":{\""code\"":-1,\""message\"":\""Failure\"",\""errors\"":[{\""description\"":\""Invalid content metadata\"",\""code\"":\""40050120\""}],\""source\"":\""005-01\"",\""system_time\"":1602825904729,\""tracking_id\"":\""3162d924-af26-4287-aac6-487a5add027d\""}}""",N,N,N,N,N,N,N,NA,NA,N,NA,NA,NA,NA,NA,NA,N,N,N,N,N,N,N,NA,N,N,N,N,N,N,N,N,N,N,N,N,N,N,N,N,N,N,N,N,N,N,N,N,N,NA,Y,N,N,N,NA,NA,NA,NA,NA,NA,NA,NA,NA,NA,N,N,N,N,N,N,NA,NA,NA,NA
,,errorInternal,String,Custom,Custom,Application internal error,"Optional<QPError>
    ▿some : ErrorObject
      - errorCode : 40050120
      - errorDescription : ""Invalid content metadata",N,N,N,N,N,N,N,NA,NA,N,NA,NA,NA,NA,NA,NA,N,N,N,N,N,N,N,NA,N,N,N,N,N,N,N,N,N,N,N,N,N,N,N,N,N,N,N,N,N,N,N,N,N,NA,Y,N,N,N,NA,NA,NA,NA,NA,NA,NA,NA,NA,NA,N,N,N,N,N,N,NA,NA,NA,NA
,,errorType,String,Custom,Custom,Type of error,"PLAYBACK_ERROR, TVOD_ENTITLEMENT_ERROR, UMS_ERROR, APP_ERROR, DOWNLOAD_ERROR",N,N,N,N,N,N,N,NA,NA,N,NA,NA,NA,NA,NA,NA,N,N,N,N,N,N,N,NA,N,N,N,N,N,N,N,N,N,N,N,N,N,N,N,N,N,N,N,N,N,N,N,N,N,NA,Y,N,N,N,NA,NA,NA,NA,NA,NA,NA,NA,NA,NA,N,N,N,N,N,N,NA,NA,NA,NA
,,errorSeverity,String,Custom,Custom,Severity of the error,"CRITICAL, WARNING, INFO",N,N,N,N,N,N,N,NA,NA,N,NA,NA,NA,NA,NA,NA,N,N,N,N,N,N,N,NA,N,N,N,N,N,N,N,N,N,N,N,N,N,N,N,N,N,N,N,N,N,N,N,N,N,NA,Y,N,N,N,NA,NA,NA,NA,NA,NA,NA,NA,NA,NA,N,N,N,N,N,N,NA,NA,NA,NA
,Device,device,String,Default,Custom,Device name,SM-T387W,Y,Y,Y,Y,Y,Y,Y,NA,NA,Y,NA,NA,NA,NA,NA,NA,Y,Y,Y,Y,Y,Y,Y,NA,Y,Y,Y,Y,Y,Y,Y,Y,Y,Y,Y,Y,Y,Y,Y,Y,Y,Y,Y,Y,Y,Y,Y,Y,Y,NA,Y,Y,Y,Y,NA,NA,NA,NA,NA,NA,NA,NA,NA,NA,Y,Y,Y,Y,Y,Y,NA,NA,NA,NA
,,deviceGroup,String,Default,Custom,"Category of the device, such as iPhone or Tablet",Tablet,Y,Y,Y,Y,Y,Y,Y,NA,NA,Y,NA,NA,NA,NA,NA,NA,Y,Y,Y,Y,Y,Y,Y,NA,Y,Y,Y,Y,Y,Y,Y,Y,Y,Y,Y,Y,Y,Y,Y,Y,Y,Y,Y,Y,Y,Y,Y,Y,Y,NA,Y,Y,Y,Y,NA,NA,NA,NA,NA,NA,NA,NA,NA,NA,Y,Y,Y,Y,Y,Y,NA,NA,NA,NA
,,deviceManufacturer,String,Default,Custom,Device manufacturer,Samsung,Y,Y,Y,Y,Y,Y,Y,NA,NA,Y,NA,NA,NA,NA,NA,NA,Y,Y,Y,Y,Y,Y,Y,NA,Y,Y,Y,Y,Y,Y,Y,Y,Y,Y,Y,Y,Y,Y,Y,Y,Y,Y,Y,Y,Y,Y,Y,Y,Y,NA,Y,Y,Y,Y,NA,NA,NA,NA,NA,NA,NA,NA,NA,NA,Y,Y,Y,Y,Y,Y,NA,NA,NA,NA
,,deviceModel,String,Default,Custom,Device model,SM-T387W,Y,Y,Y,Y,Y,Y,Y,NA,NA,Y,NA,NA,NA,NA,NA,NA,Y,Y,Y,Y,Y,Y,Y,NA,Y,Y,Y,Y,Y,Y,Y,Y,Y,Y,Y,Y,Y,Y,Y,Y,Y,Y,Y,Y,Y,Y,Y,Y,Y,NA,Y,Y,Y,Y,NA,NA,NA,NA,NA,NA,NA,NA,NA,NA,Y,Y,Y,Y,Y,Y,NA,NA,NA,NA
,,deviceType,String,Default,Custom,Device type,"mobile, tablet, or desktop",Y,Y,Y,Y,Y,Y,Y,NA,NA,Y,NA,NA,NA,NA,NA,NA,Y,Y,Y,Y,Y,Y,Y,NA,Y,Y,Y,Y,Y,Y,Y,Y,Y,Y,Y,Y,Y,Y,Y,Y,Y,Y,Y,Y,Y,Y,Y,Y,Y,NA,Y,Y,Y,Y,NA,NA,NA,NA,NA,NA,NA,NA,NA,NA,Y,Y,Y,Y,Y,Y,NA,NA,NA,NA
,,userAgentName,String,NA,Default,"Browser’s name, such as Chrome and Firefox, obtained from the User-Agent header of an HTTP request.  Web only","Chrome, Firefox",Y,Y,Y,Y,Y,Y,Y,NA,NA,Y,NA,NA,NA,NA,NA,NA,Y,Y,Y,Y,Y,Y,Y,NA,Y,Y,Y,Y,Y,Y,Y,Y,Y,Y,Y,Y,Y,Y,Y,Y,Y,Y,Y,Y,Y,Y,Y,Y,Y,NA,Y,Y,Y,Y,NA,NA,NA,NA,NA,NA,NA,NA,NA,NA,Y,Y,Y,Y,Y,Y,NA,NA,NA,NA
,,userAgentOS,String,NA,Default,"Browser’s reported operating system, such as Windows or Linux, that it is running on. This is obtained from the User-Agent header of an HTTP request.  Web only",Browsers' Version,Y,Y,Y,Y,Y,Y,Y,NA,NA,Y,NA,NA,NA,NA,NA,NA,Y,Y,Y,Y,Y,Y,Y,NA,Y,Y,Y,Y,Y,Y,Y,Y,Y,Y,Y,Y,Y,Y,Y,Y,Y,Y,Y,Y,Y,Y,Y,Y,Y,NA,Y,Y,Y,Y,NA,NA,NA,NA,NA,NA,NA,NA,NA,NA,Y,Y,Y,Y,Y,Y,NA,NA,NA,NA
,,osName,String,Default,NA,"Name of the app's host operating system, for example, iOS or Android
",Android,Y,Y,Y,Y,Y,Y,Y,NA,NA,Y,NA,NA,NA,NA,NA,NA,Y,Y,Y,Y,Y,Y,Y,NA,Y,Y,Y,Y,Y,Y,Y,Y,Y,Y,Y,Y,Y,Y,Y,Y,Y,Y,Y,Y,Y,Y,Y,Y,Y,NA,Y,Y,Y,Y,NA,NA,NA,NA,NA,NA,NA,NA,NA,NA,Y,Y,Y,Y,Y,Y,NA,NA,NA,NA
,,osVersion,String,Default,NA,"Full version number of the app's host operating system, such as iOS 11.0.4, as compared to iOS 11",13.123,Y,Y,Y,Y,Y,Y,Y,NA,NA,Y,NA,NA,NA,NA,NA,NA,Y,Y,Y,Y,Y,Y,Y,NA,Y,Y,Y,Y,Y,Y,Y,Y,Y,Y,Y,Y,Y,Y,Y,Y,Y,Y,Y,Y,Y,Y,Y,Y,Y,NA,Y,Y,Y,Y,NA,NA,NA,NA,NA,NA,NA,NA,NA,NA,Y,Y,Y,Y,Y,Y,NA,NA,NA,NA
,,osMajorVersion,String,Default,NA,"Major version number of the app's host operating system, such as iOS 11, as compared to iOS 11.0.4",13,Y,Y,Y,Y,Y,Y,Y,NA,NA,Y,NA,NA,NA,NA,NA,NA,Y,Y,Y,Y,Y,Y,Y,NA,Y,Y,Y,Y,Y,Y,Y,Y,Y,Y,Y,Y,Y,Y,Y,Y,Y,Y,Y,Y,Y,Y,Y,Y,Y,NA,Y,Y,Y,Y,NA,NA,NA,NA,NA,NA,NA,NA,NA,NA,Y,Y,Y,Y,Y,Y,NA,NA,NA,NA
,Location,city,String,Default,Default,City,Oshawa,Y,Y,Y,Y,Y,Y,Y,NA,NA,Y,NA,NA,NA,NA,NA,NA,Y,Y,Y,Y,Y,Y,Y,NA,Y,Y,Y,Y,Y,Y,Y,Y,Y,Y,Y,Y,Y,Y,Y,Y,Y,Y,Y,Y,Y,Y,Y,Y,Y,NA,Y,Y,Y,Y,NA,NA,NA,NA,NA,NA,NA,NA,NA,NA,Y,Y,Y,Y,Y,Y,NA,NA,NA,NA
,,countryCode,String,Default,Default,"Country code. For a list of country codes, see ISO 3166-1 alpha-2.",CA,Y,Y,Y,Y,Y,Y,Y,NA,NA,Y,NA,NA,NA,NA,NA,NA,Y,Y,Y,Y,Y,Y,Y,NA,Y,Y,Y,Y,Y,Y,Y,Y,Y,Y,Y,Y,Y,Y,Y,Y,Y,Y,Y,Y,Y,Y,Y,Y,Y,NA,Y,Y,Y,Y,NA,NA,NA,NA,NA,NA,NA,NA,NA,NA,Y,Y,Y,Y,Y,Y,NA,NA,NA,NA
,,regionCode,String,Default,Default,Region code,25,Y,Y,Y,Y,Y,Y,Y,NA,NA,Y,NA,NA,NA,NA,NA,NA,Y,Y,Y,Y,Y,Y,Y,NA,Y,Y,Y,Y,Y,Y,Y,Y,Y,Y,Y,Y,Y,Y,Y,Y,Y,Y,Y,Y,Y,Y,Y,Y,Y,NA,Y,Y,Y,Y,NA,NA,NA,NA,NA,NA,NA,NA,NA,NA,Y,Y,Y,Y,Y,Y,NA,NA,NA,NA
,Network,asn,String,Default,Default,Unique number to identify a group of IP networks serving content to the end user,10796,Y,Y,Y,Y,Y,Y,Y,NA,NA,Y,NA,NA,NA,NA,NA,NA,Y,Y,Y,Y,Y,Y,Y,NA,Y,Y,Y,Y,Y,Y,Y,Y,Y,Y,Y,Y,Y,Y,Y,Y,Y,Y,Y,Y,Y,Y,Y,Y,Y,NA,Y,Y,Y,Y,NA,NA,NA,NA,NA,NA,NA,NA,NA,NA,Y,Y,Y,Y,Y,Y,NA,NA,NA,NA
,,asnLatitude,Numeric,Default,Default,"Latitude of the geographic center of the postal code where the ASN is registered. This is not the end user's latitude
",40.7831,Y,Y,Y,Y,Y,Y,Y,NA,NA,Y,NA,NA,NA,NA,NA,NA,Y,Y,Y,Y,Y,Y,Y,NA,Y,Y,Y,Y,Y,Y,Y,Y,Y,Y,Y,Y,Y,Y,Y,Y,Y,Y,Y,Y,Y,Y,Y,Y,Y,NA,Y,Y,Y,Y,NA,NA,NA,NA,NA,NA,NA,NA,NA,NA,Y,Y,Y,Y,Y,Y,NA,NA,NA,NA
,,asnLongitude,Numeric,Default,Default,"Longitude of the geographic center of the postal code where the ASN is registered. This is not the end user's latitude
",73.9712,Y,Y,Y,Y,Y,Y,Y,NA,NA,Y,NA,NA,NA,NA,NA,NA,Y,Y,Y,Y,Y,Y,Y,NA,Y,Y,Y,Y,Y,Y,Y,Y,Y,Y,Y,Y,Y,Y,Y,Y,Y,Y,Y,Y,Y,Y,Y,Y,Y,NA,Y,Y,Y,Y,NA,NA,NA,NA,NA,NA,NA,NA,NA,NA,Y,Y,Y,Y,Y,Y,NA,NA,NA,NA
,,asnOwner,String,Default,Default,Telecom owner of the ASN,Time Warner Cable Internet LLC,Y,Y,Y,Y,Y,Y,Y,NA,NA,Y,NA,NA,NA,NA,NA,NA,Y,Y,Y,Y,Y,Y,Y,NA,Y,Y,Y,Y,Y,Y,Y,Y,Y,Y,Y,Y,Y,Y,Y,Y,Y,Y,Y,Y,Y,Y,Y,Y,Y,NA,Y,Y,Y,Y,NA,NA,NA,NA,NA,NA,NA,NA,NA,NA,Y,Y,Y,Y,Y,Y,NA,NA,NA,NA
,,carrier,String,Default,NA,"Network over which the app transferred data, such as wifi or [carrier name]",wifi,Y,Y,Y,Y,Y,Y,Y,NA,NA,Y,NA,NA,NA,NA,NA,NA,Y,Y,Y,Y,Y,Y,Y,NA,Y,Y,Y,Y,Y,Y,Y,Y,Y,Y,Y,Y,Y,Y,Y,Y,Y,Y,Y,Y,Y,Y,Y,Y,Y,NA,Y,Y,Y,Y,NA,NA,NA,NA,NA,NA,NA,NA,NA,NA,Y,Y,Y,Y,Y,Y,NA,NA,NA,NA
,User,userID,String,Custom,Custom,Unique identifier for the logged in user,encrypted or masked ID from UMS,Y,Y,Y,N,N,O,O,NA,NA,Y,NA,NA,NA,NA,NA,NA,Y,Y,Y,Y,Y,Y,Y,NA,Y,Y,Y,Y,Y,Y,Y,Y,Y,Y,Y,Y,Y,Y,Y,Y,Y,Y,Y,Y,Y,Y,Y,Y,Y,NA,Y,Y,Y,Y,NA,NA,NA,NA,NA,NA,NA,NA,NA,NA,Y,Y,Y,Y,Y,Y,NA,NA,NA,NA
,,userType,String,Custom,Custom,User type,"Enumerated:  registered, subscribed, cancelled, anonymous, vip",O,O,Y,N,O,Y,Y,NA,NA,Y,NA,NA,NA,NA,NA,NA,Y,Y,Y,Y,Y,Y,Y,NA,Y,Y,Y,Y,Y,Y,Y,Y,Y,Y,Y,Y,Y,Y,Y,Y,Y,Y,Y,Y,Y,Y,Y,Y,Y,NA,Y,Y,Y,Y,NA,NA,NA,NA,NA,NA,NA,NA,NA,NA,Y,Y,Y,Y,Y,Y,NA,NA,NA,NA
,,profileID,String,Custom,Custom,User profile unique identifier,378251450,Y,Y,Y,N,O,Y,Y,NA,NA,Y,NA,NA,NA,NA,NA,NA,Y,Y,Y,Y,Y,Y,Y,NA,Y,Y,Y,Y,Y,Y,Y,Y,Y,Y,Y,Y,Y,Y,Y,Y,Y,Y,Y,Y,Y,Y,Y,Y,Y,NA,Y,Y,Y,Y,NA,NA,NA,NA,NA,NA,NA,NA,NA,NA,Y,Y,Y,Y,Y,Y,NA,NA,NA,NA
,,deviceID,String,Custom,Custom,"Device identifier, QP-generated",1c8dd2c3-5362-415d-aed4-043f6d78085f,Y,Y,Y,Y,Y,Y,Y,NA,NA,Y,NA,NA,NA,NA,NA,NA,Y,Y,Y,Y,Y,Y,Y,NA,Y,Y,Y,Y,Y,Y,Y,Y,Y,Y,Y,Y,Y,Y,Y,Y,Y,Y,Y,Y,Y,Y,Y,Y,Y,NA,Y,Y,Y,Y,NA,NA,NA,NA,NA,NA,NA,NA,NA,NA,Y,Y,Y,Y,Y,Y,NA,NA,NA,NA
,,umsDeviceID,String,Custom,Custom,"Device identifier, used by Evergent QP-generated",1c8dd2c3-5362-415d-aed4-043f6d78085f,Y,Y,Y,Y,Y,Y,Y,NA,NA,Y,NA,NA,NA,NA,NA,NA,Y,Y,Y,Y,Y,Y,Y,NA,Y,Y,Y,Y,Y,Y,Y,Y,Y,Y,Y,Y,Y,Y,Y,Y,Y,Y,Y,Y,Y,Y,Y,Y,Y,NA,Y,Y,Y,Y,NA,NA,NA,NA,NA,NA,NA,NA,NA,NA,Y,Y,Y,Y,Y,Y,NA,NA,NA,NA
,,tveProvider,String,Custom,Custom,TVE provider,"youtubetv, dish, directv, cox, etc.",NA,NA,NA,NA,NA,NA,NA,NA,NA,NA,NA,NA,NA,NA,NA,NA,NA,NA,NA,NA,NA,NA,NA,NA,NA,NA,NA,NA,NA,NA,NA,NA,NA,NA,NA,NA,NA,NA,NA,NA,NA,NA,NA,NA,NA,NA,NA,NA,NA,NA,NA,NA,NA,NA,NA,NA,NA,NA,NA,NA,NA,NA,NA,NA,NA,NA,NA,NA,NA,NA,NA,NA,NA,NA
,,baseSubscription,String,Custom,Custom,Subscription package,"Monthly, Yearly-Telugu, Yearly-Tamil",Y,Y,Y,N,Y,Y,Y,NA,NA,Y,NA,NA,NA,NA,NA,NA,Y,Y,Y,Y,Y,Y,Y,NA,Y,Y,Y,Y,Y,Y,Y,Y,Y,Y,Y,Y,Y,Y,Y,Y,Y,Y,Y,Y,Y,Y,Y,Y,Y,NA,Y,Y,Y,Y,NA,NA,NA,NA,NA,NA,NA,NA,NA,NA,Y,Y,Y,Y,Y,Y,NA,NA,NA,NA
,Consent,consentPurpose,String,Custom,Custom,Purpose of the consent,personalization,NA,NA,NA,NA,NA,NA,NA,NA,NA,NA,NA,NA,NA,NA,NA,NA,NA,NA,NA,NA,NA,NA,NA,NA,NA,NA,NA,NA,NA,NA,NA,NA,NA,NA,NA,NA,NA,NA,NA,NA,NA,NA,NA,NA,NA,NA,NA,NA,NA,NA,NA,NA,NA,NA,NA,NA,NA,NA,NA,NA,NA,NA,NA,NA,NA,NA,NA,NA,NA,NA,NA,NA,NA,NA
,,consentGiven,Boolean,Custom,Custom,Consent given,TRUE or FALSE,NA,NA,NA,NA,NA,NA,NA,NA,NA,NA,NA,NA,NA,NA,NA,NA,NA,NA,NA,NA,NA,NA,NA,NA,NA,NA,NA,NA,NA,NA,NA,NA,NA,NA,NA,NA,NA,NA,NA,NA,NA,NA,NA,NA,NA,NA,NA,NA,NA,NA,NA,NA,NA,NA,NA,NA,NA,NA,NA,NA,NA,NA,NA,NA,NA,NA,NA,NA,NA,NA,NA,NA,NA,NA
,,consentWithdrawn,Boolean,Custom,Custom,Consent withdrawn,TRUE or FALSE,NA,NA,NA,NA,NA,NA,NA,NA,NA,NA,NA,NA,NA,NA,NA,NA,NA,NA,NA,NA,NA,NA,NA,NA,NA,NA,NA,NA,NA,NA,NA,NA,NA,NA,NA,NA,NA,NA,NA,NA,NA,NA,NA,NA,NA,NA,NA,NA,NA,NA,NA,NA,NA,NA,NA,NA,NA,NA,NA,NA,NA,NA,NA,NA,NA,NA,NA,NA,NA,NA,NA,NA,NA,NA
,"User Journey
",pageID,String,Custom,Custom,Page identifier,"Home, Movies, Search, Retention Prompt, Settings",N,N,N,N,N,N,N,NA,NA,N,NA,NA,NA,NA,NA,NA,N,N,N,N,N,N,Y,NA,N,Y,Y,Y,Y,Y,Y,Y,Y,Y,Y,Y,Y,Y,Y,Y,Y,Y,Y,Y,Y,Y,Y,Y,Y,NA,Y,Y,Y,Y,NA,NA,NA,NA,NA,NA,NA,NA,NA,NA,N,N,N,N,N,N,NA,NA,NA,NA
,,storefrontID,String,Custom,Custom,Storefront identifier,A7EBBEC2-B873-4625-9D31-EA7D93500E7B,N,N,N,N,N,N,N,NA,NA,N,NA,NA,NA,NA,NA,NA,N,N,N,N,N,N,Y,NA,Y,Y,Y,Y,Y,Y,Y,N,N,Y,Y,Y,Y,Y,Y,Y,Y,Y,Y,Y,Y,Y,Y,Y,Y,NA,Y,Y,Y,Y,NA,NA,NA,NA,NA,NA,NA,NA,NA,NA,Y,Y,Y,Y,Y,Y,NA,NA,NA,NA
,,storefrontName,String,Custom,Custom,Storefront identifier,A7EBBEC2-B873-4625-9D31-EA7D93500E7B,N,N,N,N,N,N,N,NA,NA,N,NA,NA,NA,NA,NA,NA,N,N,N,N,N,N,Y,NA,Y,Y,Y,Y,Y,Y,Y,N,N,Y,Y,Y,Y,Y,Y,Y,Y,Y,Y,Y,Y,Y,Y,Y,Y,NA,Y,Y,Y,Y,NA,NA,NA,NA,NA,NA,NA,NA,NA,NA,Y,Y,Y,Y,Y,Y,NA,NA,NA,NA
,,tabID,String,Custom,Custom,Tab identifier,E10D473C-412A-4AFC-B687-A401D8916A01,N,N,N,N,N,N,N,NA,NA,N,NA,NA,NA,NA,NA,NA,N,N,N,N,N,N,Y,NA,Y,Y,Y,Y,N,N,N,N,N,Y,Y,Y,Y,Y,Y,Y,Y,Y,Y,Y,Y,Y,Y,Y,Y,NA,Y,Y,Y,Y,NA,NA,NA,NA,NA,NA,NA,NA,NA,NA,Y,Y,Y,Y,Y,Y,NA,NA,NA,NA
,,tabName,String,Custom,Custom,Tab name,Tab name where the user selected the content to play,N,N,N,N,N,N,N,NA,NA,N,NA,NA,NA,NA,NA,NA,N,N,N,N,N,N,Y,NA,Y,Y,Y,Y,N,N,N,N,N,Y,Y,Y,Y,Y,Y,Y,Y,Y,Y,Y,Y,Y,Y,Y,Y,NA,Y,Y,Y,Y,NA,NA,NA,NA,NA,NA,NA,NA,NA,NA,Y,Y,Y,Y,Y,Y,NA,NA,NA,NA
,,containerID,String,Custom,Custom,Container identifier,3E0CF0B0-F48F-42E1-A207-780DBD9945A1,N,N,N,N,N,N,N,NA,NA,N,NA,NA,NA,NA,NA,NA,N,N,N,N,N,N,Y,NA,Y,N,Y,Y,N,N,N,N,N,Y,Y,Y,Y,Y,Y,Y,Y,Y,Y,Y,Y,Y,Y,Y,Y,NA,Y,Y,Y,Y,NA,NA,NA,NA,NA,NA,NA,NA,NA,NA,Y,Y,Y,Y,Y,Y,NA,NA,NA,NA
,,containerName,String,Custom,Custom,Conatiner name,Container name where the user selected the content to play,N,N,N,N,N,N,N,NA,NA,N,NA,NA,NA,NA,NA,NA,N,N,N,N,N,N,Y,NA,Y,N,Y,Y,N,N,N,N,N,Y,Y,Y,Y,Y,Y,Y,Y,Y,Y,Y,Y,Y,Y,Y,Y,NA,Y,Y,Y,Y,NA,NA,NA,NA,NA,NA,NA,NA,NA,NA,Y,Y,Y,Y,Y,Y,NA,NA,NA,NA
,,collectionID,String,Custom,Custom,Collection identifier,collection_id,N,N,N,N,N,N,N,NA,NA,N,NA,NA,NA,NA,NA,NA,N,N,N,N,N,N,N,NA,Y,N,N,Y,N,N,N,N,N,Y,Y,Y,Y,Y,Y,Y,Y,Y,Y,Y,Y,Y,Y,Y,Y,NA,Y,Y,Y,Y,NA,NA,NA,NA,NA,NA,NA,NA,NA,NA,Y,Y,Y,Y,Y,Y,NA,NA,NA,NA
,,collectionName,String,Custom,Custom,Collection name,collection_name,N,N,N,N,N,N,N,NA,NA,N,NA,NA,NA,NA,NA,NA,N,N,N,N,N,N,N,NA,Y,N,N,Y,N,N,N,N,N,Y,Y,Y,Y,Y,Y,Y,Y,Y,Y,Y,Y,Y,Y,Y,Y,NA,Y,Y,Y,Y,NA,NA,NA,NA,NA,NA,NA,NA,NA,NA,Y,Y,Y,Y,Y,Y,NA,NA,NA,NA
,,previous_screen,String,Custom,Custom,Previous screen,"Settings, MyContent, Browse",N,N,N,N,N,N,N,NA,NA,N,NA,NA,NA,NA,NA,NA,N,N,N,N,N,N,N,NA,N,Y,Y,Y,Y,Y,Y,Y,Y,N,N,N,N,N,N,N,N,N,N,N,N,N,N,N,N,NA,N,N,N,N,NA,NA,NA,NA,NA,NA,NA,NA,NA,NA,N,N,N,N,N,N,NA,NA,NA,NA
,,current_screen,String,Custom,Custom,Current screen,"Settings, MyContent, Browse",N,N,N,N,N,N,N,NA,NA,N,NA,NA,NA,NA,NA,NA,N,N,N,N,N,N,N,NA,N,Y,Y,Y,Y,Y,Y,Y,Y,N,N,N,N,N,N,N,N,N,N,N,N,N,N,N,N,NA,N,N,N,N,NA,NA,NA,NA,NA,NA,NA,NA,NA,NA,Y,Y,Y,Y,Y,Y,NA,NA,NA,NA
,,favoriteAction,String,Custom,Custom,Favourite clicked,ADD or DELETE,N,N,N,N,N,N,N,NA,NA,N,NA,NA,NA,NA,NA,NA,N,N,N,N,N,N,N,NA,Y,N,N,N,N,N,N,N,N,N,N,N,N,N,N,N,N,N,N,N,N,N,N,N,N,NA,N,N,N,N,NA,NA,NA,NA,NA,NA,NA,NA,NA,NA,N,N,N,N,N,N,NA,NA,NA,NA
,,searchString   ,String,Custom,Custom,Search string,Fairchild,N,N,N,N,N,N,N,NA,NA,Y,NA,NA,NA,NA,NA,NA,N,N,N,N,N,N,N,NA,N,N,N,N,Y,N,N,N,N,N,N,N,N,N,N,N,N,N,N,N,N,N,N,N,N,NA,N,N,N,N,NA,NA,NA,NA,NA,NA,NA,NA,NA,NA,N,N,N,N,N,N,NA,NA,NA,NA
,,searchItemPosition,Integer,Custom,Custom,Position of the search result,Position of the search item  based on search result and user click to play,N,N,N,N,N,N,N,NA,NA,N,NA,NA,NA,NA,NA,NA,N,N,N,N,N,N,N,NA,N,N,N,N,Y,N,N,N,N,N,N,N,N,N,N,N,N,N,N,N,N,N,N,N,N,NA,N,N,N,N,NA,NA,NA,NA,NA,NA,NA,NA,NA,NA,N,N,N,N,N,N,NA,NA,NA,NA
,,totalItems,Integer,Custom,Custom,Total items returned by search,Search items count,N,N,N,N,N,N,N,NA,NA,Y,NA,NA,NA,NA,NA,NA,N,N,N,N,N,N,N,NA,N,N,N,N,N,N,N,N,N,N,N,N,N,N,N,N,N,N,N,N,N,N,N,N,N,NA,N,N,N,N,NA,NA,NA,NA,NA,NA,NA,NA,NA,NA,N,N,N,N,N,N,NA,NA,NA,NA
,,planName,String,Custom,Custom,Plan name that the user selected under view plans,"[plan name] monthly, [plan name] yearly, etc.",N,N,N,N,N,N,N,NA,NA,N,NA,NA,NA,NA,NA,NA,N,N,N,N,N,N,N,NA,N,N,N,N,N,N,N,N,N,N,N,N,N,N,N,N,N,N,N,N,N,N,N,N,N,NA,N,N,N,N,NA,NA,NA,NA,NA,NA,NA,NA,NA,NA,N,N,N,N,N,N,NA,NA,NA,NA
,,displayLanguage,String,Custom,Custom,Display language for app,"App display Language - English, etc.",NA,NA,NA,NA,NA,NA,NA,NA,NA,NA,NA,NA,NA,NA,NA,NA,NA,NA,NA,NA,NA,NA,NA,NA,NA,NA,NA,NA,NA,NA,NA,NA,NA,NA,NA,NA,NA,NA,NA,NA,NA,NA,NA,NA,NA,NA,NA,NA,NA,NA,NA,NA,NA,NA,NA,NA,NA,NA,NA,NA,NA,NA,NA,NA,NA,NA,NA,NA,NA,NA,NA,NA,NA,NA
,,prefDownloadOnWifiOnly,Boolean,Custom,Custom,User prefers download on wifi only,TRUE or FALSE,NA,NA,NA,NA,NA,NA,NA,NA,NA,NA,NA,NA,NA,NA,NA,NA,NA,NA,NA,NA,NA,NA,NA,NA,NA,NA,NA,NA,NA,NA,NA,NA,NA,NA,NA,NA,NA,NA,NA,NA,NA,NA,NA,NA,NA,NA,NA,NA,NA,NA,NA,NA,NA,NA,NA,NA,NA,NA,NA,NA,NA,NA,NA,NA,NA,NA,NA,NA,NA,NA,NA,NA,NA,NA
,,priceCode,String,Custom,Custom,Price code for TVOD,Credits / Rental price code of a content user chooses to redeem or rent,N,N,N,N,N,N,N,NA,NA,N,NA,NA,NA,NA,NA,NA,N,N,N,N,N,N,N,NA,N,N,N,N,N,N,N,N,N,N,N,N,N,N,N,N,N,N,N,N,N,N,N,N,N,NA,N,N,N,N,NA,NA,NA,NA,NA,NA,NA,NA,NA,NA,N,N,N,N,N,N,NA,NA,NA,NA
,Ads,adType,String,Custom,Custom,Ad type,"Pre, Post, Mid, Banner, Banner-inHouse",N,N,N,N,N,N,N,NA,NA,N,NA,NA,NA,NA,NA,NA,N,N,N,N,N,N,N,NA,N,N,N,N,N,N,N,N,N,N,N,N,N,N,N,N,N,N,N,N,N,N,N,N,N,NA,N,N,N,N,NA,NA,NA,NA,NA,NA,NA,NA,NA,NA,Y,Y,Y,Y,Y,Y,NA,NA,NA,NA
,,adDuration,String,Custom,Custom,Ad duration,duration in sec,N,N,N,N,N,N,N,NA,NA,N,NA,NA,NA,NA,NA,NA,N,N,N,N,N,N,N,NA,N,N,N,N,N,N,N,N,N,N,N,N,N,N,N,N,N,N,N,N,N,N,N,N,N,NA,N,N,N,N,NA,NA,NA,NA,NA,NA,NA,NA,NA,NA,N,Y,Y,N,Y,N,NA,NA,NA,NA
,,adclickURL,String,Custom,Custom,AD URL,AD URL,N,N,N,N,N,N,N,NA,NA,N,NA,NA,NA,NA,NA,NA,N,N,N,N,N,N,N,NA,N,N,N,N,N,N,N,N,N,N,N,N,N,N,N,N,N,N,N,N,N,N,N,N,N,NA,N,N,N,N,NA,NA,NA,NA,NA,NA,NA,NA,NA,NA,N,Y,Y,N,Y,Y,NA,NA,NA,NA
,,adskipOffset,String,Custom,Custom,AD skip offset,AD skip offset value,N,N,N,N,N,N,N,NA,NA,N,NA,NA,NA,NA,NA,NA,N,N,N,N,N,N,N,NA,N,N,N,N,N,N,N,N,N,N,N,N,N,N,N,N,N,N,N,N,N,N,N,N,N,NA,N,N,N,N,NA,NA,NA,NA,NA,NA,NA,NA,NA,NA,N,Y,Y,N,Y,N,NA,NA,NA,NA
,Ops,memUsageMb,String,Default,NA,Memory usage by the app,35,Y,Y,Y,Y,Y,Y,Y,NA,NA,Y,NA,NA,NA,NA,NA,NA,Y,Y,Y,Y,Y,Y,Y,NA,Y,Y,Y,Y,Y,Y,Y,Y,Y,Y,Y,Y,Y,Y,Y,Y,Y,Y,Y,Y,Y,Y,Y,Y,Y,NA,Y,Y,Y,Y,NA,NA,NA,NA,NA,NA,NA,NA,NA,NA,Y,Y,Y,Y,Y,Y,NA,NA,NA,NA
,,lastInteraction,String,Default,NA,"The last interaction before a crash or harvest event, if one is present.",Display UICompatibilityInputViewController,Y,Y,Y,Y,Y,Y,Y,NA,NA,Y,NA,NA,NA,NA,NA,NA,Y,Y,Y,Y,Y,Y,Y,NA,Y,Y,Y,Y,Y,Y,Y,Y,Y,Y,Y,Y,Y,Y,Y,Y,Y,Y,Y,Y,Y,Y,Y,Y,Y,NA,Y,Y,Y,Y,NA,NA,NA,NA,NA,NA,NA,NA,NA,NA,Y,Y,Y,Y,Y,Y,NA,NA,NA,NA
,,install,Boolean,Default,NA,"Indicates true only if the current session is the first session after app install.
",TRUE,Y,Y,Y,Y,Y,Y,Y,NA,NA,Y,NA,NA,NA,NA,NA,NA,Y,Y,Y,Y,Y,Y,Y,NA,Y,Y,Y,Y,Y,Y,Y,Y,Y,Y,Y,Y,Y,Y,Y,Y,Y,Y,Y,Y,Y,Y,Y,Y,Y,NA,Y,Y,Y,Y,NA,NA,NA,NA,NA,NA,NA,NA,NA,NA,Y,Y,Y,Y,Y,Y,NA,NA,NA,NA
,,timeToAppStart,Integer,Custom,Custom,Time to start app (milliseconds),5232,Y,N,N,N,N,N,N,NA,NA,N,NA,NA,NA,NA,NA,NA,N,N,N,N,N,N,N,NA,N,N,N,N,N,N,N,N,N,N,N,N,N,N,N,N,N,N,N,N,N,N,N,N,N,NA,N,N,N,N,NA,NA,NA,NA,NA,NA,NA,NA,NA,NA,N,N,N,N,N,N,NA,NA,NA,NA
,,silentLogin,Boolean,Custom,Custom,App silently logged in,TRUE or FALSE,O,Y,Y,N,Y,Y,Y,NA,NA,Y,NA,NA,NA,NA,NA,NA,Y,Y,Y,Y,Y,Y,Y,NA,Y,Y,Y,Y,Y,Y,Y,Y,Y,Y,Y,Y,Y,Y,Y,Y,Y,Y,Y,Y,Y,Y,Y,Y,Y,NA,Y,Y,Y,Y,NA,NA,NA,NA,NA,NA,NA,NA,NA,NA,Y,Y,Y,Y,Y,Y,NA,NA,NA,NA
,,platform,String,Default,NA,"Platform type of the New Relic SDK agent, such as native or React",Native,Y,Y,Y,Y,Y,Y,Y,NA,NA,Y,NA,NA,NA,NA,NA,NA,Y,Y,Y,Y,Y,Y,Y,NA,Y,Y,Y,Y,Y,Y,Y,Y,Y,Y,Y,Y,Y,Y,Y,Y,Y,Y,Y,Y,Y,Y,Y,Y,Y,NA,Y,Y,Y,Y,NA,NA,NA,NA,NA,NA,NA,NA,NA,NA,Y,Y,Y,Y,Y,Y,NA,NA,NA,NA