,,,,,,,,,,,,,,,,,,,,,,,,,,,,,,,,,,,,,,,,,,,,,,,,,,,,,,,,,,,,,,,,,,,,,,,,,,,,,,,
,Category,Attribute,Data type,"Mobile Platforms -
IOS
Android
Android TV
Fire TV
Apple TV","Web Platforms -
Web
Tizen
LG 
Vizio
Xumo",Roku,Description,Sample Values,APP_START,APP_FOREGROUND,APP_BACKGROUND,SIGN_UP,LOGIN_INITIATED,LOGIN,LOGOUT,TNC,CONSENT,SEARCH,VIEW_PLANS,SUBSCRIPTION_INITIATED,PAYMENT_INITIATED,PURCHASE_SUBSCRIPTION,PURCHASE_SUBSCRIPTION_CANCEL,PURCHASE_SUBSCRIPTION_FAILURE,CREATE_PROFILE,UPDATE_PROFILE,DELETE_PROFILE,FORGOT_PASSWORD,LINK_DEVICE,REMOVE_DEVICE,VIEW_CONTENT_DETAILS,RENT_CONTENT,FAVORITE_CONTENT,TAB_CLICK,CONTAINER_CLICK,COLLECTION_CLICK,SEARCH_CLICK,EPG_ITEM_CLICK,WATCHLIST_ITEM_CLICK,STOREFRONT_TAB_CHANGE,MENU_TAB_CHANGE,VIEW_COLLECTION_DETAILS,PLAYBACK_START,PLAYBACK_PREPARED,PLAYBACK_STARTED,PLAYBACK_INPROGRESS,PLAYBACK_BUFFERING_START,PLAYBACK_BUFFERING_END,PLAYBACK_SEEK_START,PLAYBACK_SEEK_COMPLETE,PLAYBACK_PAUSED,PLAYBACK_RESUMED,PLAYBACK_STOPPED,PLAYBACK_COMPLETE,PLAYBACK_VARIANT_CHANGE,PLAYBACK_AUDIO_LANGUAGE_CHANGE,PLAYBACK_SUBTITLE_LANGUAGE_CHANGE,NETWORK_CHANGE,PLAYBACK_RECOVERY_STATUS,ERROR,SKIP_INTRO,SKIP_CREDITS,NEXT_EPISODE,DOWNLOAD_START,DOWNLOAD_PREPARED,DOWNLOAD_STARTED,DOWNLOAD_INPROGRESS,DOWNLOAD_PAUSED,DOWNLOAD_RESUMED,DOWNLOAD_STOPPED,DOWNLOAD_COMPLETED,DOWNLOAD_DELETED,DOWNLOAD_LICENSE_RENEWED,AD_BREAK_START,AD_START,AD_END,AD_BREAK_COMPLETE,AD_SKIP,AD_VIEW
,Key Event Identifiers,timestamp,Integer,Default,Default,Default,Timestamp for the event collected,1602823543190,Y,Y,Y,Y,Y,Y,Y,NA,NA,Y,NA,NA,NA,NA,NA,NA,Y,Y,Y,Y,Y,Y,Y,NA,Y,Y,Y,Y,Y,Y,Y,Y,Y,Y,Y,Y,Y,Y,Y,Y,Y,Y,Y,Y,Y,Y,Y,Y,Y,NA,Y,Y,Y,Y,Y,NA,NA,NA,NA,NA,NA,NA,NA,NA,NA,Y,Y,Y,Y,Y,Y
,,eventUUID,String,Custom,Custom,Custom,Unique identifer for every event logged,5D45AFCD-6BAE-4295-A4C4-FB00419A9CFE,Y,Y,Y,Y,Y,Y,Y,NA,NA,Y,NA,NA,NA,NA,NA,NA,Y,Y,Y,Y,Y,Y,Y,NA,Y,Y,Y,Y,Y,Y,Y,Y,Y,Y,Y,Y,Y,Y,Y,Y,Y,Y,Y,Y,Y,Y,Y,Y,Y,NA,Y,Y,Y,Y,Y,NA,NA,NA,NA,NA,NA,NA,NA,NA,NA,Y,Y,Y,Y,Y,Y
,,platformName,String,Custom,Custom,Custom,Unique identifier for the platform that originated the event,"Enumerated:  iOS, Android, tvOS, Android TV, FireTV, web, Tizen, Vizio, Roku, Xumo, LG",Y,Y,Y,Y,Y,Y,Y,NA,NA,Y,NA,NA,NA,NA,NA,NA,Y,Y,Y,Y,Y,Y,Y,NA,Y,Y,Y,Y,Y,Y,Y,Y,Y,Y,Y,Y,Y,Y,Y,Y,Y,Y,Y,Y,Y,Y,Y,Y,Y,NA,Y,Y,Y,Y,Y,NA,NA,NA,NA,NA,NA,NA,NA,NA,NA,Y,Y,Y,Y,Y,Y
,,platformVersion,String,Custom,NA,NA,Platform version,1.0.4,Y,Y,Y,Y,Y,Y,Y,NA,NA,Y,NA,NA,NA,NA,NA,NA,Y,Y,Y,Y,Y,Y,Y,NA,Y,Y,Y,Y,Y,Y,Y,Y,Y,Y,Y,Y,Y,Y,Y,Y,Y,Y,Y,Y,Y,Y,Y,Y,Y,NA,Y,Y,Y,Y,Y,NA,NA,NA,NA,NA,NA,NA,NA,NA,NA,Y,Y,Y,Y,Y,Y
,,endpoint,String,Custom,Custom,,TVNZ specific attribute for identifying the platform,"Enumerated:  
ios
android
androidtv
chromecast
web
playstation
lg
panasonic
samsung
tvos
xbox
vidaa",Y,Y,Y,Y,Y,Y,Y,NA,NA,Y,NA,NA,NA,NA,NA,NA,Y,Y,Y,Y,Y,Y,Y,NA,Y,Y,Y,Y,Y,Y,Y,Y,Y,Y,Y,Y,Y,Y,Y,Y,Y,Y,Y,Y,Y,Y,Y,Y,Y,NA,Y,Y,Y,Y,Y,NA,NA,NA,NA,NA,NA,NA,NA,NA,NA,Y,Y,Y,Y,Y,Y
,,trackingID,String,Custom,Custom,,The trackingId is currently being sent by the backend with every request,3934a66c-6daf-4a18-a4fd-282fb5f2a30b,NA,NA,NA,NA,NA,NA,NA,NA,NA,NA,NA,NA,NA,NA,NA,NA,NA,NA,NA,NA,NA,NA,NA,NA,NA,NA,NA,NA,NA,NA,NA,NA,NA,NA,NA,NA,NA,NA,NA,NA,NA,NA,NA,NA,NA,NA,NA,NA,NA,NA,NA,NA,NA,NA,NA,NA,NA,NA,NA,NA,NA,NA,NA,NA,NA,NA,NA,NA,NA,NA,NA
,,eventName,String,Custom,Custom,,"Name of event, consolidating actionName and name",PLAYBACK_START,NA,NA,NA,NA,NA,NA,NA,NA,NA,NA,NA,NA,NA,NA,NA,NA,NA,NA,NA,NA,NA,NA,NA,NA,NA,NA,NA,NA,NA,NA,NA,NA,NA,NA,NA,NA,NA,NA,NA,NA,NA,NA,NA,NA,NA,NA,NA,NA,NA,NA,NA,NA,NA,NA,NA,NA,NA,NA,NA,NA,NA,NA,NA,NA,NA,NA,NA,NA,NA,NA,NA
,,actionName,String,NA,Custom,Custom,Name of event for web based implementations,PLAYBACK_START,Y,Y,Y,Y,Y,Y,Y,NA,NA,Y,NA,NA,NA,NA,NA,NA,Y,Y,Y,Y,Y,Y,Y,NA,Y,Y,Y,Y,Y,Y,Y,Y,Y,Y,Y,Y,Y,Y,Y,Y,Y,Y,Y,Y,Y,Y,Y,Y,Y,NA,Y,Y,Y,Y,Y,NA,NA,NA,NA,NA,NA,NA,NA,NA,NA,Y,Y,Y,Y,Y,Y
,,name,String,Custom,NA,NA,Name of event for app based implementations,PLAYBACK_START,Y,Y,Y,Y,Y,Y,Y,NA,NA,Y,NA,NA,NA,NA,NA,NA,Y,Y,Y,Y,Y,Y,Y,NA,Y,Y,Y,Y,Y,Y,Y,Y,Y,Y,Y,Y,Y,Y,Y,Y,Y,Y,Y,Y,Y,Y,Y,Y,Y,NA,Y,Y,Y,Y,Y,NA,NA,NA,NA,NA,NA,NA,NA,NA,NA,Y,Y,Y,Y,Y,Y
,Application,appName,String,Default,Custom,Custom,The name of the application,[App name] ,Y,Y,Y,Y,Y,Y,Y,NA,NA,Y,NA,NA,NA,NA,NA,NA,Y,Y,Y,Y,Y,Y,Y,NA,Y,Y,Y,Y,Y,Y,Y,Y,Y,Y,Y,Y,Y,Y,Y,Y,Y,Y,Y,Y,Y,Y,Y,Y,Y,NA,Y,Y,Y,Y,Y,NA,NA,NA,NA,NA,NA,NA,NA,NA,NA,Y,Y,Y,Y,Y,Y
,,appVersion,String,Default,Custom,Custom,The version of the application,1.0.1 - Build version,Y,Y,Y,Y,Y,Y,Y,NA,NA,Y,NA,NA,NA,NA,NA,NA,Y,Y,Y,Y,Y,Y,Y,NA,Y,Y,Y,Y,Y,Y,Y,Y,Y,Y,Y,Y,Y,Y,Y,Y,Y,Y,Y,Y,Y,Y,Y,Y,Y,NA,Y,Y,Y,Y,Y,NA,NA,NA,NA,NA,NA,NA,NA,NA,NA,Y,Y,Y,Y,Y,Y
,,appVersionId,Integer,Default,NA,Custom,Unique identifier generated for each build or variant of the mobile application,673198239,O,Y,Y,Y,Y,Y,Y,NA,NA,Y,NA,NA,NA,NA,NA,NA,Y,Y,Y,Y,Y,Y,Y,NA,Y,Y,Y,Y,Y,Y,Y,Y,Y,Y,Y,Y,Y,Y,Y,Y,Y,Y,Y,Y,Y,Y,Y,Y,Y,NA,Y,Y,Y,Y,Y,NA,NA,NA,NA,NA,NA,NA,NA,NA,NA,Y,Y,Y,Y,Y,Y
,,thirdPartyAppName,String,Custom,Custom,,Any app opened on the set top box,"Netflix, DisneyPlus, etc.,",NA,NA,NA,NA,NA,NA,NA,NA,NA,NA,NA,NA,NA,NA,NA,NA,NA,NA,NA,NA,NA,NA,NA,NA,NA,NA,NA,NA,NA,NA,NA,NA,NA,NA,NA,NA,NA,NA,NA,NA,NA,NA,NA,NA,NA,NA,NA,NA,NA,NA,NA,NA,NA,NA,NA,NA,NA,NA,NA,NA,NA,NA,NA,NA,NA,NA,NA,NA,NA,NA,NA
,,qpSdkVersion,String,Custom,Custom,Custom,qp SDK version used,1.0.4,Y,Y,Y,Y,Y,Y,Y,NA,NA,Y,NA,NA,NA,NA,NA,NA,Y,Y,Y,Y,Y,Y,Y,NA,Y,Y,Y,Y,Y,Y,Y,Y,Y,Y,Y,Y,Y,Y,Y,Y,Y,Y,Y,Y,Y,Y,Y,Y,Y,NA,Y,Y,Y,Y,Y,NA,NA,NA,NA,NA,NA,NA,NA,NA,NA,Y,Y,Y,Y,Y,Y
,,appBuild,String,Default,Custom,Default,Application build,29,O,Y,Y,Y,Y,Y,Y,NA,NA,Y,NA,NA,NA,NA,NA,NA,Y,Y,Y,Y,Y,Y,Y,NA,Y,Y,Y,Y,Y,Y,Y,Y,Y,Y,Y,Y,Y,Y,Y,Y,Y,Y,Y,Y,Y,Y,Y,Y,Y,NA,Y,Y,Y,Y,Y,NA,NA,NA,NA,NA,NA,NA,NA,NA,NA,Y,Y,Y,Y,Y,Y
,Application Session,sessionId,String,Default,NA,Custom,A unique identifier for a single user session. A new sessionId is created each time the app is brought into the foreground.  For app collected events only,88996F14-35E9-4D5E-8846-EED8E62FBF9E,Y,Y,Y,Y,Y,Y,Y,NA,NA,Y,NA,NA,NA,NA,NA,NA,Y,Y,Y,Y,Y,Y,Y,NA,Y,Y,Y,Y,Y,Y,Y,Y,Y,Y,Y,Y,Y,Y,Y,Y,Y,Y,Y,Y,Y,Y,Y,Y,Y,NA,Y,Y,Y,Y,Y,NA,NA,NA,NA,NA,NA,NA,NA,NA,NA,Y,Y,Y,Y,Y,Y
,,session,String,NA,Default,NA,A unique identifier for a single session. The session cookie expires when the user closes the browser.  A new session identifier will be assigned when the user opens up a new instance of the browser.  For web / smart tv  based collected events,E346B701-EB16-427D-B152-80D9DB728956,Y,Y,Y,Y,Y,Y,Y,NA,NA,Y,NA,NA,NA,NA,NA,NA,Y,Y,Y,Y,Y,Y,Y,NA,Y,Y,Y,Y,Y,Y,Y,Y,Y,Y,Y,Y,Y,Y,Y,Y,Y,Y,Y,Y,Y,Y,Y,Y,Y,NA,Y,Y,Y,Y,Y,NA,NA,NA,NA,NA,NA,NA,NA,NA,NA,Y,Y,Y,Y,Y,Y
,,timeSinceLoad,Integer,Default,NA,NA,The length of time for which the user used the application in seconds.,601.2639999,Y,Y,Y,Y,Y,Y,Y,NA,NA,Y,NA,NA,NA,NA,NA,NA,Y,Y,Y,Y,Y,Y,Y,NA,Y,Y,Y,Y,Y,Y,Y,Y,Y,Y,Y,Y,Y,Y,Y,Y,Y,Y,Y,Y,Y,Y,Y,Y,Y,NA,Y,Y,Y,Y,Y,NA,NA,NA,NA,NA,NA,NA,NA,NA,NA,Y,Y,Y,Y,Y,Y
,,sessionDuration,Integer,Default,NA,NA,The length of time for which the user used the application in seconds.,601.2639999,Y,Y,Y,Y,Y,Y,Y,NA,NA,Y,NA,NA,NA,NA,NA,NA,Y,Y,Y,Y,Y,Y,Y,NA,Y,Y,Y,Y,Y,Y,Y,Y,Y,Y,Y,Y,Y,Y,Y,Y,Y,Y,Y,Y,Y,Y,Y,Y,Y,NA,Y,Y,Y,Y,Y,NA,NA,NA,NA,NA,NA,NA,NA,NA,NA,Y,Y,Y,Y,Y,Y
,,sessionDurationSec,Integer,NA,NA,Custom,The length of time for which the user used the application in seconds.,601.2639999,Y,Y,Y,Y,Y,Y,Y,NA,NA,Y,NA,NA,NA,NA,NA,NA,Y,Y,Y,Y,Y,Y,Y,NA,Y,Y,Y,Y,Y,Y,Y,N,N,Y,Y,Y,Y,Y,Y,Y,Y,Y,Y,Y,Y,Y,Y,Y,Y,NA,Y,Y,Y,Y,Y,NA,NA,NA,NA,NA,NA,NA,NA,NA,NA,Y,Y,Y,Y,Y,Y
,Content,contentID,String,Custom,Custom,Custom,Unique identifier for content,73DF66D3-B2E8-4ADE-A353-EB9E73BC26B7,N,N,N,N,N,N,N,NA,NA,N,NA,NA,NA,NA,NA,NA,N,N,N,N,N,N,Y,NA,Y,N,Y,Y,Y,Y,Y,N,N,Y,Y,Y,Y,Y,Y,Y,Y,Y,Y,Y,Y,Y,Y,Y,Y,NA,O,O,Y,Y,Y,NA,NA,NA,NA,NA,NA,NA,NA,NA,NA,Y,Y,Y,Y,Y,Y
,,externalContentID,String,Custom,Custom,Custom,Unique identifier for content from external system (VOD),F48FD40E-B7D4-4B79-92E9-7A215AAC6CC8-1586846597643,N,N,N,N,N,N,N,NA,NA,N,NA,NA,NA,NA,NA,NA,N,N,N,N,N,N,O,NA,O,N,O,O,O,N,O,N,N,Y,Y,Y,Y,Y,Y,Y,Y,Y,Y,Y,Y,Y,Y,Y,Y,NA,Y,Y,Y,Y,Y,Y,Y,Y,Y,Y,Y,Y,Y,Y,Y,Y,Y,Y,Y,Y,Y
,,enrichmentContentID,String,Custom,Custom,Custom,Unique identifier for content from external system (Live),G48FD40E-B7D4-4B79-92E9-7A215AAC6CC8-1586846597643,N,N,N,N,N,N,N,NA,NA,N,NA,NA,NA,NA,NA,NA,N,N,N,N,N,N,O,NA,O,N,O,O,O,O,O,N,N,Y,Y,Y,Y,Y,Y,Y,Y,Y,Y,Y,Y,Y,Y,Y,Y,NA,Y,Y,Y,Y,Y,NA,NA,NA,NA,NA,NA,NA,NA,NA,NA,Y,Y,Y,Y,Y,Y
,,contentType,String,Custom,Custom,Custom,Content type,"tvepisode, movie, shortvideo, channel, airing, liveevent, tvseries, tvseason",N,N,N,N,N,N,N,NA,NA,N,NA,NA,NA,NA,NA,NA,N,N,N,N,N,N,Y,NA,Y,N,Y,Y,Y,O,Y,N,N,Y,Y,Y,Y,Y,Y,Y,Y,Y,Y,Y,Y,Y,Y,Y,Y,NA,Y,Y,Y,Y,Y,NA,NA,NA,NA,NA,NA,NA,NA,NA,NA,Y,Y,Y,Y,Y,Y
,,contentName,String,Custom,Custom,Custom,Content name,S.02 E.26 - Love Island (HD),N,N,N,N,N,N,N,NA,NA,N,NA,NA,NA,NA,NA,NA,N,N,N,N,N,N,Y,NA,Y,N,Y,Y,Y,O,Y,N,N,Y,Y,Y,Y,Y,Y,Y,Y,Y,Y,Y,Y,Y,Y,Y,Y,NA,Y,Y,Y,Y,Y,NA,NA,NA,NA,NA,NA,NA,NA,NA,NA,Y,Y,Y,Y,Y,Y
,,product,String,Custom,Custom,Custom,product name,TVNZ+,Y,Y,Y,Y,Y,Y,Y,NA,NA,Y,NA,NA,NA,NA,NA,NA,Y,Y,Y,Y,Y,Y,Y,NA,Y,Y,Y,Y,Y,Y,Y,Y,Y,Y,Y,Y,Y,Y,Y,Y,Y,Y,Y,Y,Y,Y,Y,Y,Y,NA,Y,Y,Y,Y,Y,NA,NA,NA,NA,NA,NA,NA,NA,NA,NA,Y,Y,Y,Y,Y,Y
,,providerID,String,Custom,Custom,Custom,Content provider ID,content_provider_name,N,N,N,N,N,N,N,NA,NA,N,NA,NA,NA,NA,NA,NA,N,N,N,N,N,N,Y,NA,Y,N,Y,Y,Y,O,Y,Y,Y,Y,Y,Y,Y,Y,Y,Y,Y,Y,Y,Y,Y,Y,Y,Y,Y,NA,Y,Y,Y,Y,Y,NA,NA,NA,NA,NA,NA,NA,NA,NA,NA,Y,Y,Y,Y,Y,Y
,,contentDurationSec,Integer,Custom,Custom,Custom,Content duration (seconds),3158,N,N,N,N,N,N,N,NA,NA,N,NA,NA,NA,NA,NA,NA,N,N,N,N,N,N,N,NA,N,N,N,N,N,N,N,N,N,N,N,Y,Y,Y,Y,Y,Y,Y,Y,Y,Y,Y,Y,Y,Y,NA,Y,Y,N,N,N,NA,NA,NA,NA,NA,NA,NA,NA,NA,NA,Y,Y,Y,Y,Y,Y
,,channelID,String,Custom,Custom,Custom,Channel ID,9D157B99-C376-400E-B994-62F46776C69F,N,N,N,N,N,N,N,NA,NA,N,NA,NA,NA,NA,NA,NA,N,N,N,N,N,N,O,NA,N,O,O,O,O,Y,O,N,N,N,Y,Y,Y,Y,Y,Y,Y,Y,Y,Y,Y,Y,Y,Y,Y,NA,Y,Y,Y,Y,Y,NA,NA,NA,NA,NA,NA,NA,NA,NA,NA,Y,Y,Y,Y,Y,Y
,,channelName,String,Custom,Custom,Custom,Channel name,Live channel name,N,N,N,N,N,N,N,NA,NA,N,NA,NA,NA,NA,NA,NA,N,N,N,N,N,N,O,NA,N,O,O,O,O,Y,O,N,N,N,Y,Y,Y,Y,Y,Y,Y,Y,Y,Y,Y,Y,Y,Y,Y,NA,Y,Y,Y,Y,Y,NA,NA,NA,NA,NA,NA,NA,NA,NA,NA,Y,Y,Y,Y,Y,Y
,,programID,String,Custom,Custom,Custom,Program ID,DD6A47DF-99BA-4303-85E5-8D2B2E98627A,N,N,N,N,N,N,N,NA,NA,N,NA,NA,NA,NA,NA,NA,N,N,N,N,N,N,N,NA,N,N,N,N,N,O,N,N,N,N,Y,Y,Y,Y,Y,Y,Y,Y,Y,Y,Y,Y,Y,Y,Y,NA,Y,Y,Y,Y,Y,NA,NA,NA,NA,NA,NA,NA,NA,NA,NA,Y,Y,Y,Y,Y,Y
,,programName,String,Custom,Custom,Custom,Program name,Program Name,N,N,N,N,N,N,N,NA,NA,N,NA,NA,NA,NA,NA,NA,N,N,N,N,N,N,N,NA,N,N,N,N,N,O,N,N,N,N,Y,Y,Y,Y,Y,Y,Y,Y,Y,Y,Y,Y,Y,Y,Y,NA,Y,Y,Y,Y,Y,NA,NA,NA,NA,NA,NA,NA,NA,NA,NA,Y,Y,Y,Y,Y,Y
,,contentGenre,String,Custom,Custom,Custom,Content genre,Reality,N,N,N,N,N,N,N,NA,NA,N,NA,NA,NA,NA,NA,NA,N,N,N,N,N,N,Y,NA,Y,Y,Y,Y,Y,Y,Y,N,N,Y,Y,Y,Y,Y,Y,Y,Y,Y,Y,Y,Y,Y,Y,Y,Y,NA,Y,Y,Y,Y,Y,NA,NA,NA,NA,NA,NA,NA,NA,NA,NA,Y,Y,Y,Y,Y,Y
,,seriesID,String,Custom,Custom,Custom,Series ID,2CDF11F3-9026-493B-B318-D5FE1BBDD205,N,N,N,N,N,N,N,NA,NA,N,NA,NA,NA,NA,NA,NA,N,N,N,N,N,N,Y,NA,Y,Y,Y,Y,Y,N,Y,N,N,N,Y,Y,Y,Y,Y,Y,Y,Y,Y,Y,Y,Y,Y,Y,Y,NA,Y,Y,Y,Y,Y,NA,NA,NA,NA,NA,NA,NA,NA,NA,NA,Y,Y,Y,Y,Y,Y
,,seriesName,String,Custom,Custom,Custom,Series name,The Sopranos,N,N,N,N,N,N,N,NA,NA,N,NA,NA,NA,NA,NA,NA,N,N,N,N,N,N,Y,NA,Y,Y,Y,Y,Y,N,Y,N,N,N,Y,Y,Y,Y,Y,Y,Y,Y,Y,Y,Y,Y,Y,Y,Y,NA,Y,Y,Y,Y,Y,NA,NA,NA,NA,NA,NA,NA,NA,NA,NA,Y,Y,Y,Y,Y,Y
,,seasonNumber,String,Custom,Custom,Custom,Season number,3,N,N,N,N,N,N,N,NA,NA,N,NA,NA,NA,NA,NA,NA,N,N,N,N,N,N,N,NA,Y,N,O,O,O,N,O,N,N,N,Y,Y,Y,Y,Y,Y,Y,Y,Y,Y,Y,Y,Y,Y,Y,NA,Y,Y,Y,Y,Y,NA,NA,NA,NA,NA,NA,NA,NA,NA,NA,Y,Y,Y,Y,Y,Y
,,episodeNumber,String,Custom,Custom,Custom,Episode number,5,N,N,N,N,N,N,N,NA,NA,N,NA,NA,NA,NA,NA,NA,N,N,N,N,N,N,N,NA,Y,N,O,O,O,N,O,N,N,N,Y,Y,Y,Y,Y,Y,Y,Y,Y,Y,Y,Y,Y,Y,Y,NA,Y,Y,Y,Y,Y,NA,NA,NA,NA,NA,NA,NA,NA,NA,NA,Y,Y,Y,Y,Y,Y
,Playback,playbackSessionID,String,Custom,Custom,Custom,Unique identifier for playback session,b887aab3-a38f-42a7-a495-09710771f33a ,N,N,N,N,N,N,N,NA,NA,N,NA,NA,NA,NA,NA,NA,N,N,N,N,N,N,N,NA,N,N,N,N,N,N,N,N,N,N,Y,Y,Y,Y,Y,Y,Y,Y,Y,Y,Y,Y,Y,Y,Y,NA,Y,Y,Y,Y,O,NA,NA,NA,NA,NA,NA,NA,NA,NA,NA,Y,Y,Y,Y,Y,Y
,,tvnzStreamID,String,Custom,Custom,Custom,"Unique ID for a stream. A new stream starts whenever a video_play event is fired, and ends whenever that piece of content ends (e.g, after video_complete or video_abandon).  Stream_id should be a UUIDv4 string prefixed with tvnz_sid_v3_{UUIDv4}",tvnz_sid_v3_c3790897-02d4-49e6-a358-486f2ed08b2d,N,N,N,N,N,N,N,NA,NA,N,NA,NA,NA,NA,NA,NA,N,N,N,N,N,N,N,NA,N,N,N,N,N,N,N,N,N,N,Y,Y,Y,Y,Y,Y,Y,Y,Y,Y,Y,Y,Y,Y,Y,NA,Y,Y,Y,Y,O,NA,NA,NA,NA,NA,NA,NA,NA,NA,NA,Y,Y,Y,Y,Y,Y
,,programPlaybackSessionID,String,Custom,Custom,Custom,Unique identifier for program playback session,3e569888-372a-41f1-9df9-0b53ced9b689,N,N,N,N,N,N,N,NA,NA,N,NA,NA,NA,NA,NA,NA,N,N,N,N,N,N,N,NA,N,N,N,N,N,N,N,N,N,N,Y,Y,Y,Y,Y,Y,Y,Y,Y,Y,Y,Y,Y,Y,Y,NA,Y,Y,Y,Y,O,NA,NA,NA,NA,NA,NA,NA,NA,NA,NA,Y,Y,Y,Y,Y,Y
,,playerName,String,Custom,Custom,Custom,Player name,Exoplayer,N,N,N,N,N,N,N,NA,NA,N,NA,NA,NA,NA,NA,NA,N,N,N,N,N,N,N,NA,N,N,N,N,N,N,N,N,N,N,Y,Y,Y,Y,Y,Y,Y,Y,Y,Y,Y,Y,Y,Y,Y,NA,Y,Y,Y,Y,Y,NA,NA,NA,NA,NA,NA,NA,NA,NA,NA,Y,Y,Y,Y,Y,Y
,,playbackURL,String,Custom,Custom,Custom,Playback URL,http://<hostname>/ss/s/afdt3754850020092602/2020-09-29-01-57-32/AFDM0000071527442800/output_hls.ism/index.mpd,N,N,N,N,N,N,N,NA,NA,N,NA,NA,NA,NA,NA,NA,N,N,N,N,N,N,N,NA,N,N,N,N,N,N,N,N,N,N,Y,Y,Y,Y,Y,Y,Y,Y,Y,Y,O,Y,Y,Y,Y,NA,Y,Y,Y,Y,O,NA,NA,NA,NA,NA,NA,NA,NA,NA,NA,Y,Y,Y,Y,Y,Y
,,drmName,String,Custom,Custom,Custom,DRM name,Widevine,N,N,N,N,N,N,N,NA,NA,N,NA,NA,NA,NA,NA,NA,N,N,N,N,N,N,N,NA,N,N,N,N,N,N,N,N,N,N,Y,Y,Y,Y,Y,Y,Y,Y,Y,Y,Y,Y,Y,Y,Y,NA,Y,Y,Y,Y,Y,NA,NA,NA,NA,NA,NA,NA,NA,NA,NA,Y,Y,Y,Y,Y,Y
,,videoResolution,String,Custom,Custom,Custom,Resolution of the video,1280x720,N,N,N,N,N,N,N,NA,NA,N,NA,NA,NA,NA,NA,NA,N,N,N,N,N,N,N,NA,N,N,N,N,N,N,N,N,N,N,N,N,Y,Y,Y,Y,Y,Y,Y,Y,Y,Y,Y,Y,Y,NA,Y,Y,N,N,N,NA,NA,NA,NA,NA,NA,NA,NA,NA,NA,N,N,N,N,N,N
,,currentBandwidthKb,Integer,Custom,Custom,Custom,Bandwidth available to the device / player (Kilobits),8728,N,N,N,N,N,N,N,NA,NA,N,NA,NA,NA,NA,NA,NA,N,N,N,N,N,N,N,NA,N,N,N,N,N,N,N,N,N,N,Y,Y,Y,Y,Y,Y,Y,Y,Y,Y,Y,Y,Y,Y,Y,NA,Y,Y,Y,Y,Y,NA,NA,NA,NA,NA,NA,NA,NA,NA,NA,N,N,N,N,N,N
,,highestVariantBandwidthKb,Integer,Custom,Custom,Custom,Highest variant of Bandwidth played (Kilobits),277233,N,N,N,N,N,N,N,NA,NA,N,NA,NA,NA,NA,NA,NA,N,N,N,N,N,N,N,NA,N,N,N,N,N,N,N,N,N,N,N,Y,Y,Y,Y,Y,Y,Y,Y,Y,Y,Y,Y,Y,Y,NA,Y,Y,Y,N,N,NA,NA,NA,NA,NA,NA,NA,NA,NA,NA,N,N,N,N,N,N
,,lowestVariantBandwidthKb,Integer,Custom,Custom,Custom,Lowest variant of Bandwidth played (Kilobits),6910,N,N,N,N,N,N,N,NA,NA,N,NA,NA,NA,NA,NA,NA,N,N,N,N,N,N,N,NA,N,N,N,N,N,N,N,N,N,N,N,Y,Y,Y,Y,Y,Y,Y,Y,Y,Y,Y,Y,Y,Y,NA,Y,Y,Y,N,N,NA,NA,NA,NA,NA,NA,NA,NA,NA,NA,N,N,N,N,N,N
,,lastPlayedVariant,Integer,Custom,Custom,Custom,Last played variant (Kilobits),3212336,N,N,N,N,N,N,N,NA,NA,N,NA,NA,NA,NA,NA,NA,N,N,N,N,N,N,N,NA,N,N,N,N,N,N,N,N,N,N,N,N,N,N,N,N,N,N,N,N,N,N,Y,N,N,NA,Y,Y,N,N,N,NA,NA,NA,NA,NA,NA,NA,NA,NA,NA,N,N,N,N,N,N
,,vstStartMs,Integer,Custom,Custom,Custom,Time from player prepare to playback start (ms),10000,N,N,N,N,N,N,N,NA,NA,N,NA,NA,NA,NA,NA,NA,N,N,N,N,N,N,N,NA,N,N,N,N,N,N,N,N,N,N,N,N,Y,N,N,N,N,N,O,N,N,N,N,N,N,NA,N,N,N,N,N,NA,NA,NA,NA,NA,NA,NA,NA,NA,NA,N,N,N,N,N,N
,,vstStreamloadMs,Integer,Custom,Custom,Custom,Time taken to load SSAI/DAI stream URL (ms),10000,N,N,N,N,N,N,N,NA,NA,N,NA,NA,NA,NA,NA,NA,N,N,N,N,N,N,N,NA,N,N,N,N,N,N,N,N,N,N,N,N,Y,N,N,N,N,N,O,N,N,N,N,N,N,NA,N,N,N,N,N,NA,NA,NA,NA,NA,NA,NA,NA,NA,NA,N,N,N,N,N,N
,,vstLicenseMs,Integer,Custom,Custom,Custom, Time taken to load DRM license (ms),10000,N,N,N,N,N,N,N,NA,NA,N,NA,NA,NA,NA,NA,NA,N,N,N,N,N,N,N,NA,N,N,N,N,N,N,N,N,N,N,N,N,Y,N,N,N,N,N,O,N,N,N,N,N,N,NA,N,N,N,N,N,NA,NA,NA,NA,NA,NA,NA,NA,NA,NA,N,N,N,N,N,N
,,vstPrerollMs,Integer,Custom,Custom,Custom,Time taken to load preroll ad (ms),10000,N,N,N,N,N,N,N,NA,NA,N,NA,NA,NA,NA,NA,NA,N,N,N,N,N,N,N,NA,N,N,N,N,N,N,N,N,N,N,N,N,Y,N,N,N,N,N,O,N,N,N,N,N,N,NA,N,N,N,N,N,NA,NA,NA,NA,NA,NA,NA,NA,NA,NA,N,N,N,N,N,N
,,playbackStartedTimeSec,Integer,Custom,Custom,Custom,Total time from PLAYBACK_START to PLAYBACK_STARTED event,5,N,N,N,N,N,N,N,NA,NA,N,NA,NA,NA,NA,NA,NA,N,N,N,N,N,N,N,NA,N,N,N,N,N,N,N,N,N,N,N,N,Y,N,N,N,N,N,O,N,N,N,N,N,N,NA,N,N,N,N,N,NA,NA,NA,NA,NA,NA,NA,NA,NA,NA,N,N,N,N,N,N
,,audioLanguage,String,Custom,Custom,Custom,Language of the audio,English,N,N,N,N,N,N,N,NA,NA,N,NA,NA,NA,NA,NA,NA,N,N,N,N,N,N,N,NA,N,N,N,N,N,N,N,N,N,N,N,N,Y,Y,Y,Y,Y,Y,Y,Y,O,O,N,N,N,NA,N,N,N,N,N,N,N,N,N,N,N,N,N,NA,NA,N,N,N,N,N,N
,,subtitleLanguage,String,Custom,Custom,Custom,Language of subtitles,English,N,N,N,N,N,N,N,NA,NA,N,NA,NA,NA,NA,NA,NA,N,N,N,N,N,N,N,NA,N,N,N,N,N,N,N,N,N,N,N,N,Y,Y,Y,Y,Y,Y,Y,Y,O,O,N,N,N,NA,N,N,N,N,N,N,NA,NA,NA,NA,NA,NA,NA,NA,NA,N,N,N,N,N,N
,,isFreePreview,Boolean,Custom,Custom,Custom,Content is a free preview,TRUE or FALSE,NA,NA,NA,NA,NA,NA,NA,NA,NA,NA,NA,NA,NA,NA,NA,NA,NA,NA,NA,NA,NA,NA,NA,NA,NA,NA,NA,NA,NA,NA,NA,NA,NA,NA,NA,NA,NA,NA,NA,NA,NA,NA,NA,NA,NA,NA,NA,NA,NA,NA,NA,NA,NA,NA,NA,NA,NA,NA,NA,NA,NA,NA,NA,NA,NA,NA,NA,NA,NA,NA,NA
,,isDownloadable,Boolean,Custom,NA,Custom,Content is downloadable,TRUE or FALSE,NA,NA,NA,NA,NA,NA,NA,NA,NA,NA,NA,NA,NA,NA,NA,NA,NA,NA,NA,NA,NA,NA,NA,NA,NA,NA,NA,NA,NA,NA,NA,NA,NA,NA,NA,NA,NA,NA,NA,NA,NA,NA,NA,NA,NA,NA,NA,NA,NA,NA,NA,NA,NA,NA,NA,NA,NA,NA,NA,NA,NA,NA,NA,NA,NA,NA,NA,NA,NA,NA,NA
,,playbackDurationSec,Integer,Custom,Custom,Custom,"Total playback duration from playback started to playback stopped or playback complete. Restart the playback duration when the next program starts and user in the same session, channel (In Seconds)",241,N,N,N,N,N,N,N,NA,NA,N,NA,NA,NA,NA,NA,NA,N,N,N,N,N,N,N,NA,N,N,N,N,N,N,N,N,N,N,N,N,Y,Y,Y,Y,Y,Y,Y,Y,Y,Y,Y,N,N,NA,N,N,N,N,N,NA,NA,NA,NA,NA,NA,NA,NA,NA,NA,N,N,N,N,N,N
,,programPlaybackDurationSec,Integer,Custom,Custom,Custom,Total playback duration for current program in seconds,60,N,N,N,N,N,N,N,NA,NA,N,NA,NA,NA,NA,NA,NA,N,N,N,N,N,N,N,NA,N,N,N,N,N,N,N,N,N,N,N,N,Y,Y,Y,Y,Y,Y,Y,Y,Y,Y,Y,N,N,NA,N,N,N,N,N,NA,NA,NA,NA,NA,NA,NA,NA,NA,NA,N,N,N,N,N,N
,,isCasting,Boolean,Custom,NA,NA,Content is being casted.  The isCasting flag should only be set to true for AirPlay sessions originating from iPhone or Web.   Excludes Chromecast events,TRUE or FALSE,N,N,N,N,N,N,N,NA,NA,N,NA,NA,NA,NA,NA,NA,N,N,N,N,N,N,N,NA,N,N,N,N,N,N,N,N,N,N,Y,Y,Y,Y,Y,Y,Y,Y,Y,Y,Y,Y,Y,Y,Y,NA,Y,Y,Y,Y,Y,NA,NA,NA,NA,NA,NA,NA,NA,NA,NA,N,N,N,N,N,N
,,contentLanguage,String,Custom,Custom,,Language of the content,"Content display Language - English, etc.",NA,NA,NA,NA,NA,NA,NA,NA,NA,NA,NA,NA,NA,NA,NA,NA,NA,NA,NA,NA,NA,NA,NA,NA,NA,NA,NA,NA,NA,NA,NA,NA,NA,NA,NA,NA,NA,NA,NA,NA,NA,NA,NA,NA,NA,NA,NA,NA,NA,NA,NA,NA,NA,NA,NA,NA,NA,NA,NA,NA,NA,NA,NA,NA,NA,NA,NA,NA,NA,NA,NA
,,playbackMode,String,Custom,Custom,Custom,Mode of the player,"Enumerated:
- live
- catchup
- vod",N,N,N,N,N,N,N,NA,NA,N,NA,NA,NA,NA,NA,NA,N,N,N,N,N,N,N,NA,N,N,N,N,N,N,N,N,N,N,Y,Y,Y,Y,Y,Y,Y,Y,Y,Y,Y,Y,Y,Y,Y,NA,N,N,N,N,N,NA,NA,NA,NA,NA,NA,NA,NA,NA,NA,N,N,N,N,N,N
,,source,String,Custom,Custom,Custom,Source of event,"Enum:
carousel
channels
continue-watching
my-list
recommendations
home-autoplay
details-autoplay
suggested-next
search
content-details
deeplink
referral",N,N,N,N,N,N,N,NA,NA,N,NA,NA,NA,NA,NA,NA,N,N,N,N,N,N,N,NA,N,N,N,N,N,N,N,N,N,N,Y,N,N,N,N,N,N,N,N,N,N,N,N,N,N,NA,N,N,N,N,N,NA,NA,NA,NA,NA,NA,NA,NA,NA,NA,N,N,N,N,N,N
,,ccEnabled,Boolean,Custom,Custom,Custom,Close captioning is enabled,TRUE or FALSE,N,N,N,N,N,N,N,NA,NA,N,NA,NA,NA,NA,NA,NA,N,N,N,N,N,N,N,NA,N,N,N,N,N,N,N,N,N,N,N,N,Y,Y,Y,Y,Y,Y,Y,Y,Y,Y,Y,Y,Y,NA,Y,Y,N,N,Y,NA,NA,NA,NA,NA,NA,NA,NA,NA,NA,Y,Y,Y,Y,Y,Y
,,autoPreview,Boolean,Custom,Custom,Custom,Identify whether the playback is an auto playback or user initiated,TRUE or FALSE,N,N,N,N,N,N,N,NA,NA,N,NA,NA,NA,NA,NA,NA,N,N,N,N,N,N,N,NA,N,N,N,N,N,N,N,N,N,N,N,N,Y,Y,Y,Y,N,N,N,N,Y,Y,N,N,N,NA,N,N,N,N,N,NA,NA,NA,NA,NA,NA,NA,NA,NA,NA,N,N,N,N,N,N
,,currentPosition,Integer,Custom,Custom,Custom,Current position of the player,4069 secs,N,N,N,N,N,N,N,NA,NA,N,NA,NA,NA,NA,NA,NA,N,N,N,N,N,N,N,NA,N,N,N,N,N,N,N,N,N,N,N,N,N,Y,N,N,N,N,Y,Y,Y,N,N,N,N,NA,N,N,N,N,N,NA,NA,NA,NA,NA,NA,NA,NA,NA,NA,Y,Y,Y,N,N,N
,Error,errorCode,String,Custom,Custom,Custom,Application error,131334,N,N,N,N,N,N,N,NA,NA,N,NA,NA,NA,NA,NA,NA,N,N,N,N,N,N,N,NA,N,N,N,N,N,N,N,N,N,N,N,N,N,N,N,N,N,N,N,N,N,N,N,N,N,NA,Y,Y,N,N,N,NA,NA,NA,NA,NA,NA,NA,NA,NA,NA,N,N,N,N,N,N
,,errorMessage,String,Custom,Custom,Custom,Application error message,The server has responded with an error!,N,N,N,N,N,N,N,NA,NA,N,NA,NA,NA,NA,NA,NA,N,N,N,N,N,N,N,NA,N,N,N,N,N,N,N,N,N,N,N,N,N,N,N,N,N,N,N,N,N,N,N,N,N,NA,Y,Y,N,N,N,NA,NA,NA,NA,NA,NA,NA,NA,NA,NA,N,N,N,N,N,N
,,errorDescription,String,Custom,Custom,Custom,Application error description,"Optional<String>
        - some : ""{\""header\"":{\""code\"":-1,\""message\"":\""Failure\"",\""errors\"":[{\""description\"":\""Invalid content metadata\"",\""code\"":\""40050120\""}],\""source\"":\""005-01\"",\""system_time\"":1602825904729,\""tracking_id\"":\""3162d924-af26-4287-aac6-487a5add027d\""}}""",N,N,N,N,N,N,N,NA,NA,N,NA,NA,NA,NA,NA,NA,N,N,N,N,N,N,N,NA,N,N,N,N,N,N,N,N,N,N,N,N,N,N,N,N,N,N,N,N,N,N,N,N,N,NA,Y,Y,N,N,N,NA,NA,NA,NA,NA,NA,NA,NA,NA,NA,N,N,N,N,N,N
,,errorInternal,String,Custom,Custom,Custom,Application internal error,"Optional<QPError>
    ▿some : ErrorObject
      - errorCode : 40050120
      - errorDescription : ""Invalid content metadata",N,N,N,N,N,N,N,NA,NA,N,NA,NA,NA,NA,NA,NA,N,N,N,N,N,N,N,NA,N,N,N,N,N,N,N,N,N,N,N,N,N,N,N,N,N,N,N,N,N,N,N,N,N,NA,Y,Y,N,N,N,NA,NA,NA,NA,NA,NA,NA,NA,NA,NA,N,N,N,N,N,N
,,playbackRecoveryStatus,String,Custom,NA,NA,"Reports the outcome of a recovery attempt. The result can be one of the following:
Success – Recovery succeeded and playback resumed.
Failure – Recovery failed and the error persists.
(Applicable only for Android Platforms)
","Status: Success | Code: 40020d, Internal Error Code: 1002, Internal Error Code Name: ERROR_CODE_BEHIND_LIVE_WINDOW | Attempts: 1/3 | Duration: 2081 ms
",N,N,N,N,N,N,N,NA,NA,N,NA,NA,NA,NA,NA,NA,N,N,N,N,N,N,N,NA,N,N,N,N,N,N,N,N,N,N,N,N,N,N,N,N,N,N,N,N,N,N,N,N,N,NA,Y,N,N,N,N,NA,NA,NA,NA,NA,NA,NA,NA,NA,NA,N,N,N,N,N,N
,,errorType,String,Custom,Custom,Custom,Type of error,"PLAYBACK_ERROR, UMS_ERROR, APP_ERROR, RECOVERABLE_PLAYBACK_ERROR",N,N,N,N,N,N,N,NA,NA,N,NA,NA,NA,NA,NA,NA,N,N,N,N,N,N,N,NA,N,N,N,N,N,N,N,N,N,N,N,N,N,N,N,N,N,N,N,N,N,N,N,N,N,NA,Y,Y,N,N,N,NA,NA,NA,NA,NA,NA,NA,NA,NA,NA,N,N,N,N,N,N
,,errorSeverity,String,Custom,Custom,Custom,Severity of the error,"All PLAYBACK_ERROR, AD_ERROR, DOWNLOAD_ERROR errorTypes can be tagged as CRTICAL
All APP_ERROR errorType can be tagged as WARNING
All UMS_ERROR errorType can be tagged as INFO",N,N,N,N,N,N,N,NA,NA,N,NA,NA,NA,NA,NA,NA,N,N,N,N,N,N,N,NA,N,N,N,N,N,N,N,N,N,N,N,N,N,N,N,N,N,N,N,N,N,N,N,N,N,NA,Y,Y,N,N,N,NA,NA,NA,NA,NA,NA,NA,NA,NA,NA,N,N,N,N,N,N
,Device,device,String,Default,Custom,Custom,Device name,SM-T387W,Y,Y,Y,Y,Y,Y,Y,NA,NA,Y,NA,NA,NA,NA,NA,NA,Y,Y,Y,Y,Y,Y,Y,NA,Y,Y,Y,Y,Y,Y,Y,Y,Y,Y,Y,Y,Y,Y,Y,Y,Y,Y,Y,Y,Y,Y,Y,Y,Y,NA,Y,Y,Y,Y,Y,Y,Y,Y,Y,Y,Y,Y,Y,Y,Y,Y,Y,Y,Y,Y,Y
,,deviceGroup,String,Default,Custom,Custom,"Category of the device, such as iPhone or Tablet",Tablet,Y,Y,Y,Y,Y,Y,Y,NA,NA,Y,NA,NA,NA,NA,NA,NA,Y,Y,Y,Y,Y,Y,Y,NA,Y,Y,Y,Y,Y,Y,Y,Y,Y,Y,Y,Y,Y,Y,Y,Y,Y,Y,Y,Y,Y,Y,Y,Y,Y,NA,Y,Y,Y,Y,Y,Y,Y,Y,Y,Y,Y,Y,Y,Y,Y,Y,Y,Y,Y,Y,Y
,,deviceManufacturer,String,Default,Custom,Custom,Device manufacturer,Samsung,Y,Y,Y,Y,Y,Y,Y,NA,NA,Y,NA,NA,NA,NA,NA,NA,Y,Y,Y,Y,Y,Y,Y,NA,Y,Y,Y,Y,Y,Y,Y,Y,Y,Y,Y,Y,Y,Y,Y,Y,Y,Y,Y,Y,Y,Y,Y,Y,Y,NA,Y,Y,Y,Y,Y,Y,Y,Y,Y,Y,Y,Y,Y,Y,Y,Y,Y,Y,Y,Y,Y
,,deviceModel,String,Default,Custom,Custom,Device model,SM-T387W,Y,Y,Y,Y,Y,Y,Y,NA,NA,Y,NA,NA,NA,NA,NA,NA,Y,Y,Y,Y,Y,Y,Y,NA,Y,Y,Y,Y,Y,Y,Y,Y,Y,Y,Y,Y,Y,Y,Y,Y,Y,Y,Y,Y,Y,Y,Y,Y,Y,NA,Y,Y,Y,Y,Y,Y,Y,Y,Y,Y,Y,Y,Y,Y,Y,Y,Y,Y,Y,Y,Y
,,deviceCapability,String,Custom,NA,NA,Device classification based on model,"HIGH_END, MID_RANGE, LOW_END",Y,Y,Y,Y,Y,Y,Y,NA,NA,Y,NA,NA,NA,NA,NA,NA,Y,Y,Y,Y,Y,Y,Y,NA,Y,Y,Y,Y,Y,Y,Y,Y,Y,Y,Y,Y,Y,Y,Y,Y,Y,Y,Y,Y,Y,Y,Y,Y,Y,NA,Y,Y,Y,Y,Y,Y,Y,Y,Y,Y,Y,Y,Y,Y,Y,Y,Y,Y,Y,Y,Y
,,deviceType,String,Default,Custom,Custom,Device type,"mobile, tablet, or desktop",Y,Y,Y,Y,Y,Y,Y,NA,NA,Y,NA,NA,NA,NA,NA,NA,Y,Y,Y,Y,Y,Y,Y,NA,Y,Y,Y,Y,Y,Y,Y,Y,Y,Y,Y,Y,Y,Y,Y,Y,Y,Y,Y,Y,Y,Y,Y,Y,Y,NA,Y,Y,Y,Y,Y,Y,Y,Y,Y,Y,Y,Y,Y,Y,Y,Y,Y,Y,Y,Y,Y
,,userAgentName,String,NA,Default,NA,"Browser’s name, such as Chrome and Firefox, obtained from the User-Agent header of an HTTP request.  Web only","Chrome, Firefox",Y,Y,Y,Y,Y,Y,Y,NA,NA,Y,NA,NA,NA,NA,NA,NA,Y,Y,Y,Y,Y,Y,Y,NA,Y,Y,Y,Y,Y,Y,Y,Y,Y,Y,Y,Y,Y,Y,Y,Y,Y,Y,Y,Y,Y,Y,Y,Y,Y,NA,Y,Y,Y,Y,Y,Y,Y,Y,Y,Y,Y,Y,Y,Y,Y,Y,Y,Y,Y,Y,Y
,,userAgentOS,String,NA,Default,NA,"Browser’s reported operating system, such as Windows or Linux, that it is running on. This is obtained from the User-Agent header of an HTTP request.  Web only",Browsers' Version,Y,Y,Y,Y,Y,Y,Y,NA,NA,Y,NA,NA,NA,NA,NA,NA,Y,Y,Y,Y,Y,Y,Y,NA,Y,Y,Y,Y,Y,Y,Y,Y,Y,Y,Y,Y,Y,Y,Y,Y,Y,Y,Y,Y,Y,Y,Y,Y,Y,NA,Y,Y,Y,Y,Y,Y,Y,Y,Y,Y,Y,Y,Y,Y,Y,Y,Y,Y,Y,Y,Y
,,osName,String,Default,NA,Custom,"Name of the app's host operating system, for example, iOS or Android
",Android,Y,Y,Y,Y,Y,Y,Y,NA,NA,Y,NA,NA,NA,NA,NA,NA,Y,Y,Y,Y,Y,Y,Y,NA,Y,Y,Y,Y,Y,Y,Y,Y,Y,Y,Y,Y,Y,Y,Y,Y,Y,Y,Y,Y,Y,Y,Y,Y,Y,NA,Y,Y,Y,Y,Y,Y,Y,Y,Y,Y,Y,Y,Y,Y,Y,Y,Y,Y,Y,Y,Y
,,osVersion,String,Default,NA,Custom,"Full version number of the app's host operating system, such as iOS 11.0.4, as compared to iOS 11",13.123,Y,Y,Y,Y,Y,Y,Y,NA,NA,Y,NA,NA,NA,NA,NA,NA,Y,Y,Y,Y,Y,Y,Y,NA,Y,Y,Y,Y,Y,Y,Y,Y,Y,Y,Y,Y,Y,Y,Y,Y,Y,Y,Y,Y,Y,Y,Y,Y,Y,NA,Y,Y,Y,Y,Y,NA,NA,NA,NA,NA,NA,NA,NA,NA,NA,Y,Y,Y,Y,Y,Y
,,osMajorVersion,String,Default,NA,NA,"Major version number of the app's host operating system, such as iOS 11, as compared to iOS 11.0.4",13,Y,Y,Y,Y,Y,Y,Y,NA,NA,Y,NA,NA,NA,NA,NA,NA,Y,Y,Y,Y,Y,Y,Y,NA,Y,Y,Y,Y,Y,Y,Y,Y,Y,Y,Y,Y,Y,Y,Y,Y,Y,Y,Y,Y,Y,Y,Y,Y,Y,NA,Y,Y,Y,Y,Y,NA,NA,NA,NA,NA,NA,NA,NA,NA,NA,Y,Y,Y,Y,Y,Y
,Location,city,String,Default,Default,Default,City,Oshawa,Y,Y,Y,Y,Y,Y,Y,NA,NA,Y,NA,NA,NA,NA,NA,NA,Y,Y,Y,Y,Y,Y,Y,NA,Y,Y,Y,Y,Y,Y,Y,Y,Y,Y,Y,Y,Y,Y,Y,Y,Y,Y,Y,Y,Y,Y,Y,Y,Y,NA,Y,Y,Y,Y,Y,NA,NA,NA,NA,NA,NA,NA,NA,NA,NA,Y,Y,Y,Y,Y,Y
,,countryCode,String,Default,Default,Default,"Country code. For a list of country codes, see ISO 3166-1 alpha-2.",CA,Y,Y,Y,Y,Y,Y,Y,NA,NA,Y,NA,NA,NA,NA,NA,NA,Y,Y,Y,Y,Y,Y,Y,NA,Y,Y,Y,Y,Y,Y,Y,Y,Y,Y,Y,Y,Y,Y,Y,Y,Y,Y,Y,Y,Y,Y,Y,Y,Y,NA,Y,Y,Y,Y,Y,NA,NA,NA,NA,NA,NA,NA,NA,NA,NA,Y,Y,Y,Y,Y,Y
,,regionCode,String,Default,Default,Default,Region code,25,Y,Y,Y,Y,Y,Y,Y,NA,NA,Y,NA,NA,NA,NA,NA,NA,Y,Y,Y,Y,Y,Y,Y,NA,Y,Y,Y,Y,Y,Y,Y,Y,Y,Y,Y,Y,Y,Y,Y,Y,Y,Y,Y,Y,Y,Y,Y,Y,Y,NA,Y,Y,Y,Y,Y,NA,NA,NA,NA,NA,NA,NA,NA,NA,NA,Y,Y,Y,Y,Y,Y
,Network,asn,String,Default,Default,Default,Unique number to identify a group of IP networks serving content to the end user,10796,Y,Y,Y,Y,Y,Y,Y,NA,NA,Y,NA,NA,NA,NA,NA,NA,Y,Y,Y,Y,Y,Y,Y,NA,Y,Y,Y,Y,Y,Y,Y,Y,Y,Y,Y,Y,Y,Y,Y,Y,Y,Y,Y,Y,Y,Y,Y,Y,Y,NA,Y,Y,Y,Y,Y,NA,NA,NA,NA,NA,NA,NA,NA,NA,NA,Y,Y,Y,Y,Y,Y
,,asnLatitude,Integer,Default,Default,Default,"Latitude of the geographic center of the postal code where the ASN is registered. This is not the end user's latitude
",40.7831,Y,Y,Y,Y,Y,Y,Y,NA,NA,Y,NA,NA,NA,NA,NA,NA,Y,Y,Y,Y,Y,Y,Y,NA,Y,Y,Y,Y,Y,Y,Y,Y,Y,Y,Y,Y,Y,Y,Y,Y,Y,Y,Y,Y,Y,Y,Y,Y,Y,NA,Y,Y,Y,Y,Y,NA,NA,NA,NA,NA,NA,NA,NA,NA,NA,Y,Y,Y,Y,Y,Y
,,asnLongitude,Integer,Default,Default,Default,"Longitude of the geographic center of the postal code where the ASN is registered. This is not the end user's latitude
",73.9712,Y,Y,Y,Y,Y,Y,Y,NA,NA,Y,NA,NA,NA,NA,NA,NA,Y,Y,Y,Y,Y,Y,Y,NA,Y,Y,Y,Y,Y,Y,Y,Y,Y,Y,Y,Y,Y,Y,Y,Y,Y,Y,Y,Y,Y,Y,Y,Y,Y,NA,Y,Y,Y,Y,Y,NA,NA,NA,NA,NA,NA,NA,NA,NA,NA,Y,Y,Y,Y,Y,Y
,,asnOwner,String,Default,Default,Default,Telecom owner of the ASN,Time Warner Cable Internet LLC,Y,Y,Y,Y,Y,Y,Y,NA,NA,Y,NA,NA,NA,NA,NA,NA,Y,Y,Y,Y,Y,Y,Y,NA,Y,Y,Y,Y,Y,Y,Y,Y,Y,Y,Y,Y,Y,Y,Y,Y,Y,Y,Y,Y,Y,Y,Y,Y,Y,NA,Y,Y,Y,Y,Y,NA,NA,NA,NA,NA,NA,NA,NA,NA,NA,Y,Y,Y,Y,Y,Y
,,carrier,String,Default,NA,Default,"Network over which the app transferred data, such as wifi or [carrier name]",wifi,Y,Y,Y,Y,Y,Y,Y,NA,NA,Y,NA,NA,NA,NA,NA,NA,Y,Y,Y,Y,Y,Y,Y,NA,Y,Y,Y,Y,Y,Y,Y,Y,Y,Y,Y,Y,Y,Y,Y,Y,Y,Y,Y,Y,Y,Y,Y,Y,Y,NA,Y,Y,Y,Y,Y,NA,NA,NA,NA,NA,NA,NA,NA,NA,NA,Y,Y,Y,Y,Y,Y
,User,userID,String,Custom,Custom,Custom,Unique identifier for the logged in user,encrypted or masked ID from UMS,Y,Y,Y,N,N,O,O,NA,NA,Y,NA,NA,NA,NA,NA,NA,Y,Y,Y,Y,Y,Y,Y,NA,Y,Y,Y,Y,Y,Y,Y,Y,Y,Y,Y,Y,Y,Y,Y,Y,Y,Y,Y,Y,Y,Y,Y,Y,Y,NA,Y,Y,Y,Y,Y,NA,NA,NA,NA,NA,NA,NA,NA,NA,NA,Y,Y,Y,Y,Y,Y
,,userType,String,Custom,Custom,Custom,User type,"Enumerated:  registered, subscribed, cancelled, anonymous, vip",O,O,Y,N,O,Y,Y,NA,NA,Y,NA,NA,NA,NA,NA,NA,Y,Y,Y,Y,Y,Y,Y,NA,Y,Y,Y,Y,Y,Y,Y,Y,Y,Y,Y,Y,Y,Y,Y,Y,Y,Y,Y,Y,Y,Y,Y,Y,Y,NA,Y,Y,Y,Y,Y,NA,NA,NA,NA,NA,NA,NA,NA,NA,NA,Y,Y,Y,Y,Y,Y
,,profileID,String,Custom,Custom,Custom,User profile unique identifier,378251450,Y,Y,Y,N,O,Y,Y,NA,NA,Y,NA,NA,NA,NA,NA,NA,Y,Y,Y,Y,Y,Y,Y,NA,Y,Y,Y,Y,Y,Y,Y,Y,Y,Y,Y,Y,Y,Y,Y,Y,Y,Y,Y,Y,Y,Y,Y,Y,Y,NA,Y,Y,Y,Y,Y,NA,NA,NA,NA,NA,NA,NA,NA,NA,NA,Y,Y,Y,Y,Y,Y
,,profileType,String,Custom,Custom,Custom,User profile type,"kids, regular, preschool",Y,Y,Y,N,O,Y,Y,NA,NA,Y,NA,NA,NA,NA,NA,NA,Y,Y,Y,Y,Y,Y,Y,NA,Y,Y,Y,Y,Y,Y,Y,Y,Y,Y,Y,Y,Y,Y,Y,Y,Y,Y,Y,Y,Y,Y,Y,Y,Y,NA,Y,Y,Y,Y,Y,NA,NA,NA,NA,NA,NA,NA,NA,NA,NA,Y,Y,Y,Y,Y,Y
,,deviceID,String,Custom,Custom,Custom,"Device identifier, QP-generated",1c8dd2c3-5362-415d-aed4-043f6d78085f,Y,Y,Y,Y,Y,Y,Y,NA,NA,Y,NA,NA,NA,NA,NA,NA,Y,Y,Y,Y,Y,Y,Y,NA,Y,Y,Y,Y,Y,Y,Y,Y,Y,Y,Y,Y,Y,Y,Y,Y,Y,Y,Y,Y,Y,Y,Y,Y,Y,NA,Y,Y,Y,Y,Y,NA,NA,NA,NA,NA,NA,NA,NA,NA,NA,Y,Y,Y,Y,Y,Y
,,umsDeviceID,String,Custom,Custom,Custom,"Device identifier, used by Evergent QP-generated",1c8dd2c3-5362-415d-aed4-043f6d78085f,Y,Y,Y,Y,Y,Y,Y,NA,NA,Y,NA,NA,NA,NA,NA,NA,Y,Y,Y,Y,Y,Y,Y,NA,Y,Y,Y,Y,Y,Y,Y,Y,Y,Y,Y,Y,Y,Y,Y,Y,Y,Y,Y,Y,Y,Y,Y,Y,Y,NA,Y,Y,Y,Y,Y,NA,NA,NA,NA,NA,NA,NA,NA,NA,NA,Y,Y,Y,Y,Y,Y
,,tveProvider,String,Custom,Custom,Custom,TVE provider,"youtubetv, dish, directv, cox, etc.",NA,NA,NA,NA,NA,NA,NA,NA,NA,NA,NA,NA,NA,NA,NA,NA,NA,NA,NA,NA,NA,NA,NA,NA,NA,NA,NA,NA,NA,NA,NA,NA,NA,NA,NA,NA,NA,NA,NA,NA,NA,NA,NA,NA,NA,NA,NA,NA,NA,NA,NA,NA,NA,NA,NA,NA,NA,NA,NA,NA,NA,NA,NA,NA,NA,NA,NA,NA,NA,NA,NA
,,baseSubscription,String,Custom,Custom,Custom,Subscription package,"[""TWET001""], [""UFC001""]",Y,Y,Y,N,Y,Y,Y,NA,NA,Y,NA,NA,NA,NA,NA,NA,Y,Y,Y,Y,Y,Y,Y,NA,Y,Y,Y,Y,Y,Y,Y,Y,Y,Y,Y,Y,Y,Y,Y,Y,Y,Y,Y,Y,Y,Y,Y,Y,Y,NA,Y,Y,Y,Y,Y,NA,NA,NA,NA,NA,NA,NA,NA,NA,NA,Y,Y,Y,Y,Y,Y
,Consent,consentPurpose,String,Custom,Custom,Custom,Purpose of the consent,personalization,NA,NA,NA,NA,NA,NA,NA,NA,NA,NA,NA,NA,NA,NA,NA,NA,NA,NA,NA,NA,NA,NA,NA,NA,NA,NA,NA,NA,NA,NA,NA,NA,NA,NA,NA,NA,NA,NA,NA,NA,NA,NA,NA,NA,NA,NA,NA,NA,NA,NA,NA,NA,NA,NA,NA,NA,NA,NA,NA,NA,NA,NA,NA,NA,NA,NA,NA,NA,NA,NA,NA
,,consentGiven,Boolean,Custom,Custom,Custom,Consent given,TRUE or FALSE,NA,NA,NA,NA,NA,NA,NA,NA,NA,NA,NA,NA,NA,NA,NA,NA,NA,NA,NA,NA,NA,NA,NA,NA,NA,NA,NA,NA,NA,NA,NA,NA,NA,NA,NA,NA,NA,NA,NA,NA,NA,NA,NA,NA,NA,NA,NA,NA,NA,NA,NA,NA,NA,NA,NA,NA,NA,NA,NA,NA,NA,NA,NA,NA,NA,NA,NA,NA,NA,NA,NA
,,consentWithdrawn,Boolean,Custom,Custom,Custom,Consent withdrawn,TRUE or FALSE,NA,NA,NA,NA,NA,NA,NA,NA,NA,NA,NA,NA,NA,NA,NA,NA,NA,NA,NA,NA,NA,NA,NA,NA,NA,NA,NA,NA,NA,NA,NA,NA,NA,NA,NA,NA,NA,NA,NA,NA,NA,NA,NA,NA,NA,NA,NA,NA,NA,NA,NA,NA,NA,NA,NA,NA,NA,NA,NA,NA,NA,NA,NA,NA,NA,NA,NA,NA,NA,NA,NA
,"User Journey
",pageID,String,Custom,Custom,Custom,Unique identifier of the page or screen where the event occurred,home-movies; See pageID samples tab,N,N,N,N,N,N,N,NA,NA,N,NA,NA,NA,NA,NA,NA,N,N,N,N,N,N,Y,NA,N,Y,Y,Y,Y,Y,Y,Y,Y,Y,Y,Y,Y,Y,Y,Y,Y,Y,Y,Y,Y,Y,Y,Y,Y,NA,Y,Y,Y,Y,Y,NA,NA,NA,NA,NA,NA,NA,NA,NA,NA,N,N,N,N,N,N
,,storefrontID,String,Custom,Custom,Custom,Storefront identifier,A7EBBEC2-B873-4625-9D31-EA7D93500E7B,N,N,N,N,N,N,N,NA,NA,N,NA,NA,NA,NA,NA,NA,N,N,N,N,N,N,Y,NA,Y,Y,Y,Y,Y,Y,Y,N,N,Y,Y,Y,Y,Y,Y,Y,Y,Y,Y,Y,Y,Y,Y,Y,Y,NA,Y,Y,Y,Y,Y,NA,NA,NA,NA,NA,NA,NA,NA,NA,NA,Y,Y,Y,Y,Y,Y
,,storefrontName,String,Custom,Custom,Custom,Storefront identifier,A7EBBEC2-B873-4625-9D31-EA7D93500E7B,N,N,N,N,N,N,N,NA,NA,N,NA,NA,NA,NA,NA,NA,N,N,N,N,N,N,Y,NA,Y,Y,Y,Y,Y,Y,Y,N,N,Y,Y,Y,Y,Y,Y,Y,Y,Y,Y,Y,Y,Y,Y,Y,Y,NA,Y,Y,Y,Y,Y,NA,NA,NA,NA,NA,NA,NA,NA,NA,NA,Y,Y,Y,Y,Y,Y
,,tabID,String,Custom,Custom,Custom,Tab identifier,E10D473C-412A-4AFC-B687-A401D8916A01,N,N,N,N,N,N,N,NA,NA,N,NA,NA,NA,NA,NA,NA,N,N,N,N,N,N,Y,NA,Y,Y,Y,Y,N,N,N,N,N,Y,Y,Y,Y,Y,Y,Y,Y,Y,Y,Y,Y,Y,Y,Y,Y,NA,Y,Y,Y,Y,Y,NA,NA,NA,NA,NA,NA,NA,NA,NA,NA,Y,Y,Y,Y,Y,Y
,,tabName,String,Custom,Custom,Custom,Tab name,Tab name where the user selected the content to play,N,N,N,N,N,N,N,NA,NA,N,NA,NA,NA,NA,NA,NA,N,N,N,N,N,N,Y,NA,Y,Y,Y,Y,N,N,N,N,N,Y,Y,Y,Y,Y,Y,Y,Y,Y,Y,Y,Y,Y,Y,Y,Y,NA,Y,Y,Y,Y,Y,NA,NA,NA,NA,NA,NA,NA,NA,NA,NA,Y,Y,Y,Y,Y,Y
,,containerID,String,Custom,Custom,Custom,Container identifier,3E0CF0B0-F48F-42E1-A207-780DBD9945A1,N,N,N,N,N,N,N,NA,NA,N,NA,NA,NA,NA,NA,NA,N,N,N,N,N,N,Y,NA,Y,N,Y,Y,N,N,N,N,N,Y,Y,Y,Y,Y,Y,Y,Y,Y,Y,Y,Y,Y,Y,Y,Y,NA,Y,Y,Y,Y,Y,NA,NA,NA,NA,NA,NA,NA,NA,NA,NA,Y,Y,Y,Y,Y,Y
,,containerName,String,Custom,Custom,Custom,Conatiner name.  For recommendations would reflect the container title name,Container name where the user selected the content to play,N,N,N,N,N,N,N,NA,NA,N,NA,NA,NA,NA,NA,NA,N,N,N,N,N,N,Y,NA,Y,N,Y,Y,N,N,N,N,N,Y,Y,Y,Y,Y,Y,Y,Y,Y,Y,Y,Y,Y,Y,Y,Y,NA,Y,Y,Y,Y,Y,NA,NA,NA,NA,NA,NA,NA,NA,NA,NA,Y,Y,Y,Y,Y,Y
,,collectionID,String,Custom,Custom,Custom,Collection identifier,collection_id,N,N,N,N,N,N,N,NA,NA,N,NA,NA,NA,NA,NA,NA,N,N,N,N,N,N,N,NA,Y,N,N,Y,N,N,N,N,N,Y,Y,Y,Y,Y,Y,Y,Y,Y,Y,Y,Y,Y,Y,Y,Y,NA,Y,Y,Y,Y,Y,NA,NA,NA,NA,NA,NA,NA,NA,NA,NA,Y,Y,Y,Y,Y,Y
,,collectionName,String,Custom,Custom,Custom,Collection name,collection_name,N,N,N,N,N,N,N,NA,NA,N,NA,NA,NA,NA,NA,NA,N,N,N,N,N,N,N,NA,Y,N,N,Y,N,N,N,N,N,Y,Y,Y,Y,Y,Y,Y,Y,Y,Y,Y,Y,Y,Y,Y,Y,NA,Y,Y,Y,Y,Y,NA,NA,NA,NA,NA,NA,NA,NA,NA,NA,Y,Y,Y,Y,Y,Y
,,previousScreen,String,Custom,Custom,Custom,Screen the user was on before navigating to the current screen.,home-movies. See pageID samples tab,N,N,N,N,N,N,N,NA,NA,N,NA,NA,NA,NA,NA,NA,N,N,N,N,N,N,N,NA,N,Y,Y,Y,Y,Y,Y,Y,Y,N,N,N,N,N,N,N,N,N,N,N,N,N,N,N,N,NA,N,N,N,N,N,NA,NA,NA,NA,NA,NA,NA,NA,NA,NA,N,N,N,N,N,N
,,currentScreen,String,Custom,Custom,Custom,Screen where the user was located when the event was triggered.,home-movies. See pageID samples tab,N,N,N,N,N,N,N,NA,NA,N,NA,NA,NA,NA,NA,NA,N,N,N,N,N,N,N,NA,N,Y,Y,Y,Y,Y,Y,Y,Y,N,N,N,N,N,N,N,N,N,N,N,N,N,N,N,N,NA,N,N,N,N,N,NA,NA,NA,NA,NA,NA,NA,NA,NA,NA,N,N,N,N,N,N
,,favoriteAction,String,Custom,Custom,Custom,Favourite clicked,ADD or DELETE,N,N,N,N,N,N,N,NA,NA,N,NA,NA,NA,NA,NA,NA,N,N,N,N,N,N,N,NA,Y,N,N,N,N,N,N,N,N,N,N,N,N,N,N,N,N,N,N,N,N,N,N,N,N,NA,N,N,N,N,N,NA,NA,NA,NA,NA,NA,NA,NA,NA,NA,N,N,N,N,N,N
,,searchString   ,String,Custom,Custom,Custom,Search string,Fairchild,N,N,N,N,N,N,N,NA,NA,Y,NA,NA,NA,NA,NA,NA,N,N,N,N,N,N,N,NA,N,N,N,N,Y,N,N,N,N,N,N,N,N,N,N,N,N,N,N,N,N,N,N,N,N,NA,N,N,N,N,N,NA,NA,NA,NA,NA,NA,NA,NA,NA,NA,N,N,N,N,N,N
,,searchItemPosition,String,Custom,Custom,Custom,Position of the search result,Position of the search item  based on search result and user click to play,N,N,N,N,N,N,N,NA,NA,N,NA,NA,NA,NA,NA,NA,N,N,N,N,N,N,N,NA,N,N,N,N,Y,N,N,N,N,N,N,N,N,N,N,N,N,N,N,N,N,N,N,N,N,NA,N,N,N,N,N,NA,NA,NA,NA,NA,NA,NA,NA,NA,NA,N,N,N,N,N,N
,,totalItems,String,Custom,Custom,Custom,Total items returned by search,Search items count,N,N,N,N,N,N,N,NA,NA,Y,NA,NA,NA,NA,NA,NA,N,N,N,N,N,N,N,NA,N,N,N,N,N,N,N,N,N,N,N,N,N,N,N,N,N,N,N,N,N,N,N,N,N,NA,N,N,N,N,N,NA,NA,NA,NA,NA,NA,NA,NA,NA,NA,N,N,N,N,N,N
,,planName,String,Custom,Custom,Custom,Plan name that the user selected under view plans,"[plan name] monthly, [plan name] yearly, etc.",N,N,N,N,N,N,N,NA,NA,N,NA,NA,NA,NA,NA,NA,N,N,N,N,N,N,N,NA,N,N,N,N,N,N,N,N,N,N,N,N,N,N,N,N,N,N,N,N,N,N,N,N,N,NA,N,N,N,N,N,NA,NA,NA,NA,NA,NA,NA,NA,NA,NA,N,N,N,N,N,N
,,displayLanguage,String,Custom,Custom,Custom,Display language for app,"App display Language - English, etc.",NA,NA,NA,NA,NA,NA,NA,NA,NA,NA,NA,NA,NA,NA,NA,NA,NA,NA,NA,NA,NA,NA,NA,NA,NA,NA,NA,NA,NA,NA,NA,NA,NA,NA,NA,NA,NA,NA,NA,NA,NA,NA,NA,NA,NA,NA,NA,NA,NA,NA,NA,NA,NA,NA,NA,NA,NA,NA,NA,NA,NA,NA,NA,NA,NA,NA,NA,NA,NA,NA,NA
,,prefDownloadOnWifiOnly,Boolean,Custom,Custom,Custom,User prefers download on wifi only,TRUE or FALSE,NA,NA,NA,NA,NA,NA,NA,NA,NA,NA,NA,NA,NA,NA,NA,NA,NA,NA,NA,NA,NA,NA,NA,NA,NA,NA,NA,NA,NA,NA,NA,NA,NA,NA,NA,NA,NA,NA,NA,NA,NA,NA,NA,NA,NA,NA,NA,NA,NA,NA,NA,NA,NA,NA,NA,NA,NA,NA,NA,NA,NA,NA,NA,NA,NA,NA,NA,NA,NA,NA,NA
,,priceCode,String,Custom,Custom,Custom,Price code for TVOD,Credits / Rental price code of a content user chooses to redeem or rent,N,N,N,N,N,N,N,NA,NA,N,NA,NA,NA,NA,NA,NA,N,N,N,N,N,N,N,NA,N,N,N,N,N,N,N,N,N,N,N,N,N,N,N,N,N,N,N,N,N,N,N,N,N,NA,N,N,N,N,N,NA,NA,NA,NA,NA,NA,NA,NA,NA,NA,N,N,N,N,N,N
,Ads,adType,String,Custom,Custom,Custom,Ad type,"Pre, Post, Mid, Banner, Banner-inHouse",N,N,N,N,N,N,N,NA,NA,N,NA,NA,NA,NA,NA,NA,N,N,N,N,N,N,N,NA,N,N,N,N,N,N,N,N,N,N,N,N,N,N,N,N,N,N,N,N,N,N,N,N,N,NA,N,N,N,N,N,NA,NA,NA,NA,NA,NA,NA,NA,NA,NA,Y,Y,Y,Y,Y,Y
,,adSessionID,String,Custom,Custom,Custom,Ad Session ID,e24e93e0-6a2d-4353-89ce-f6dd60341d66,N,N,N,N,N,N,N,NA,NA,N,NA,NA,NA,NA,NA,NA,N,N,N,N,N,N,N,NA,N,N,N,N,N,N,N,N,N,N,O,O,O,O,O,O,O,O,O,O,O,O,O,O,O,O,N,N,N,N,N,NA,NA,NA,NA,NA,NA,NA,NA,NA,NA,Y,Y,Y,Y,Y,Y
,,adDuration,Integer,Custom,Custom,Custom,Ad duration in seconds,35,N,N,N,N,N,N,N,NA,NA,N,NA,NA,NA,NA,NA,NA,N,N,N,N,N,N,N,NA,N,N,N,N,N,N,N,N,N,N,N,N,N,N,N,N,N,N,N,N,N,N,N,N,N,NA,N,N,N,N,N,NA,NA,NA,NA,NA,NA,NA,NA,NA,NA,N,Y,Y,N,Y,N
,,adClickURL,String,Custom,Custom,Custom,AD URL,AD URL,N,N,N,N,N,N,N,NA,NA,N,NA,NA,NA,NA,NA,NA,N,N,N,N,N,N,N,NA,N,N,N,N,N,N,N,N,N,N,N,N,N,N,N,N,N,N,N,N,N,N,N,N,N,NA,N,N,N,N,N,NA,NA,NA,NA,NA,NA,NA,NA,NA,NA,N,Y,Y,N,Y,Y
,Ops,memUsageMb,String,Default,NA,NA,Memory usage by the app,35,Y,Y,Y,Y,Y,Y,Y,NA,NA,Y,NA,NA,NA,NA,NA,NA,Y,Y,Y,Y,Y,Y,Y,NA,Y,Y,Y,Y,Y,Y,Y,Y,Y,Y,Y,Y,Y,Y,Y,Y,Y,Y,Y,Y,Y,Y,Y,Y,Y,NA,Y,Y,Y,Y,Y,NA,NA,NA,NA,NA,NA,NA,NA,NA,NA,Y,Y,Y,Y,Y,Y
,,lastInteraction,String,Default,NA,Default,"The last interaction before a crash or harvest event, if one is present.",Display UICompatibilityInputViewController,Y,Y,Y,Y,Y,Y,Y,NA,NA,Y,NA,NA,NA,NA,NA,NA,Y,Y,Y,Y,Y,Y,Y,NA,Y,Y,Y,Y,Y,Y,Y,Y,Y,Y,Y,Y,Y,Y,Y,Y,Y,Y,Y,Y,Y,Y,Y,Y,Y,NA,Y,Y,Y,Y,Y,NA,NA,NA,NA,NA,NA,NA,NA,NA,NA,Y,Y,Y,Y,Y,Y
,,install,Boolean,Default,NA,Default,"Indicates true only if the current session is the first session after app install.
",TRUE,Y,Y,Y,Y,Y,Y,Y,NA,NA,Y,NA,NA,NA,NA,NA,NA,Y,Y,Y,Y,Y,Y,Y,NA,Y,Y,Y,Y,Y,Y,Y,Y,Y,Y,Y,Y,Y,Y,Y,Y,Y,Y,Y,Y,Y,Y,Y,Y,Y,NA,Y,Y,Y,Y,Y,NA,NA,NA,NA,NA,NA,NA,NA,NA,NA,Y,Y,Y,Y,Y,Y
,,timeToSplash,Integer,Custom,Custom,Custom,Time to app splash (milliseconds),1332,Y,N,N,N,N,N,N,NA,NA,N,NA,NA,NA,NA,NA,NA,N,N,N,N,N,N,N,NA,N,N,N,N,N,N,N,N,N,N,N,N,N,N,N,N,N,N,N,N,N,N,N,N,N,NA,N,N,N,N,N,NA,NA,NA,NA,NA,NA,NA,NA,NA,NA,N,N,N,N,N,N
,,timeToAppStart,Integer,Custom,Custom,Custom,Time to start app (milliseconds),5232,Y,N,N,N,N,N,N,NA,NA,N,NA,NA,NA,NA,NA,NA,N,N,N,N,N,N,N,NA,N,N,N,N,N,N,N,N,N,N,N,N,N,N,N,N,N,N,N,N,N,N,N,N,N,NA,N,N,N,N,N,NA,NA,NA,NA,NA,NA,NA,NA,NA,NA,N,N,N,N,N,N
,,silentLogin,Boolean,Custom,Custom,Custom,App silently logged in,TRUE or FALSE,O,Y,Y,N,Y,Y,Y,NA,NA,Y,NA,NA,NA,NA,NA,NA,Y,Y,Y,Y,Y,Y,Y,NA,Y,Y,Y,Y,Y,Y,Y,Y,Y,Y,Y,Y,Y,Y,Y,Y,Y,Y,Y,Y,Y,Y,Y,Y,Y,NA,Y,Y,Y,Y,Y,NA,NA,NA,NA,NA,NA,NA,NA,NA,NA,Y,Y,Y,Y,Y,Y
,,platform,String,Default,NA,Default,"Platform type of the New Relic SDK agent, such as native or React",Native,Y,Y,Y,Y,Y,Y,Y,NA,NA,Y,NA,NA,NA,NA,NA,NA,Y,Y,Y,Y,Y,Y,Y,NA,Y,Y,Y,Y,Y,Y,Y,Y,Y,Y,Y,Y,Y,Y,Y,Y,Y,Y,Y,Y,Y,Y,Y,Y,Y,NA,Y,Y,Y,Y,Y,NA,NA,NA,NA,NA,NA,NA,NA,NA,NA,Y,Y,Y,Y,Y,Y